DATE,Federal_Funds_Rate,10Y_Treasury_Rate,CPI,Unemployment_Rate,GDP,PCE,M2_Money_Supply,Consumer_Sentiment
2010-01-01,0.11,,217.488,9.8,14764.61,11202.495,8478.0,74.4
2010-01-04,,3.85,,,,,,
2010-01-05,,3.77,,,,,,
2010-01-06,,3.85,,,,,,
2010-01-07,,3.85,,,,,,
2010-01-08,,3.83,,,,,,
2010-01-11,,3.85,,,,,,
2010-01-12,,3.74,,,,,,
2010-01-13,,3.8,,,,,,
2010-01-14,,3.76,,,,,,
2010-01-15,,3.7,,,,,,
2010-01-18,,,,,,,,
2010-01-19,,3.73,,,,,,
2010-01-20,,3.68,,,,,,
2010-01-21,,3.62,,,,,,
2010-01-22,,3.62,,,,,,
2010-01-25,,3.66,,,,,,
2010-01-26,,3.65,,,,,,
2010-01-27,,3.66,,,,,,
2010-01-28,,3.68,,,,,,
2010-01-29,,3.63,,,,,,
2010-02-01,0.13,3.68,217.281,9.8,,,8527.6,73.6
2010-02-02,,3.67,,,,,,
2010-02-03,,3.73,,,,,,
2010-02-04,,3.62,,,,,,
2010-02-05,,3.59,,,,,,
2010-02-08,,3.62,,,,,,
2010-02-09,,3.67,,,,,,
2010-02-10,,3.72,,,,,,
2010-02-11,,3.73,,,,,,
2010-02-12,,3.69,,,,,,
2010-02-15,,,,,,,,
2010-02-16,,3.66,,,,,,
2010-02-17,,3.74,,,,,,
2010-02-18,,3.79,,,,,,
2010-02-19,,3.78,,,,,,
2010-02-22,,3.8,,,,,,
2010-02-23,,3.69,,,,,,
2010-02-24,,3.7,,,,,,
2010-02-25,,3.64,,,,,,
2010-02-26,,3.61,,,,,,
2010-03-01,0.16,3.61,217.353,9.9,,,8523.7,73.6
2010-03-02,,3.62,,,,,,
2010-03-03,,3.63,,,,,,
2010-03-04,,3.61,,,,,,
2010-03-05,,3.69,,,,,,
2010-03-08,,3.72,,,,,,
2010-03-09,,3.71,,,,,,
2010-03-10,,3.73,,,,,,
2010-03-11,,3.73,,,,,,
2010-03-12,,3.71,,,,,,
2010-03-15,,3.71,,,,,,
2010-03-16,,3.66,,,,,,
2010-03-17,,3.65,,,,,,
2010-03-18,,3.68,,,,,,
2010-03-19,,3.7,,,,,,
2010-03-22,,3.67,,,,,,
2010-03-23,,3.69,,,,,,
2010-03-24,,3.84,,,,,,
2010-03-25,,3.91,,,,,,
2010-03-26,,3.86,,,,,,
2010-03-29,,3.88,,,,,,
2010-03-30,,3.88,,,,,,
2010-03-31,,3.84,,,,,,
2010-04-01,0.2,3.89,217.403,9.9,14980.193,11302.955,8555.1,72.2
2010-04-02,,3.96,,,,,,
2010-04-05,,4.01,,,,,,
2010-04-06,,3.98,,,,,,
2010-04-07,,3.89,,,,,,
2010-04-08,,3.91,,,,,,
2010-04-09,,3.9,,,,,,
2010-04-12,,3.87,,,,,,
2010-04-13,,3.84,,,,,,
2010-04-14,,3.88,,,,,,
2010-04-15,,3.86,,,,,,
2010-04-16,,3.79,,,,,,
2010-04-19,,3.83,,,,,,
2010-04-20,,3.82,,,,,,
2010-04-21,,3.77,,,,,,
2010-04-22,,3.8,,,,,,
2010-04-23,,3.84,,,,,,
2010-04-26,,3.83,,,,,,
2010-04-27,,3.71,,,,,,
2010-04-28,,3.8,,,,,,
2010-04-29,,3.76,,,,,,
2010-04-30,,3.69,,,,,,
2010-05-01,0.2,,217.29,9.6,,,8609.3,73.6
2010-05-03,,3.72,,,,,,
2010-05-04,,3.63,,,,,,
2010-05-05,,3.58,,,,,,
2010-05-06,,3.41,,,,,,
2010-05-07,,3.45,,,,,,
2010-05-10,,3.57,,,,,,
2010-05-11,,3.56,,,,,,
2010-05-12,,3.56,,,,,,
2010-05-13,,3.55,,,,,,
2010-05-14,,3.44,,,,,,
2010-05-17,,3.47,,,,,,
2010-05-18,,3.38,,,,,,
2010-05-19,,3.36,,,,,,
2010-05-20,,3.25,,,,,,
2010-05-21,,3.2,,,,,,
2010-05-24,,3.23,,,,,,
2010-05-25,,3.18,,,,,,
2010-05-26,,3.21,,,,,,
2010-05-27,,3.34,,,,,,
2010-05-28,,3.31,,,,,,
2010-05-31,,,,,,,,
2010-06-01,0.18,3.29,217.199,9.4,,,8628.4,76.0
2010-06-02,,3.35,,,,,,
2010-06-03,,3.39,,,,,,
2010-06-04,,3.2,,,,,,
2010-06-07,,3.17,,,,,,
2010-06-08,,3.18,,,,,,
2010-06-09,,3.2,,,,,,
2010-06-10,,3.33,,,,,,
2010-06-11,,3.24,,,,,,
2010-06-14,,3.28,,,,,,
2010-06-15,,3.32,,,,,,
2010-06-16,,3.27,,,,,,
2010-06-17,,3.21,,,,,,
2010-06-18,,3.24,,,,,,
2010-06-21,,3.26,,,,,,
2010-06-22,,3.18,,,,,,
2010-06-23,,3.13,,,,,,
2010-06-24,,3.14,,,,,,
2010-06-25,,3.12,,,,,,
2010-06-28,,3.05,,,,,,
2010-06-29,,2.97,,,,,,
2010-06-30,,2.97,,,,,,
2010-07-01,0.18,2.96,217.605,9.4,15141.607,11383.596,8639.8,67.8
2010-07-02,,3.0,,,,,,
2010-07-05,,,,,,,,
2010-07-06,,2.95,,,,,,
2010-07-07,,3.0,,,,,,
2010-07-08,,3.04,,,,,,
2010-07-09,,3.07,,,,,,
2010-07-12,,3.08,,,,,,
2010-07-13,,3.15,,,,,,
2010-07-14,,3.07,,,,,,
2010-07-15,,3.0,,,,,,
2010-07-16,,2.96,,,,,,
2010-07-19,,2.99,,,,,,
2010-07-20,,2.98,,,,,,
2010-07-21,,2.9,,,,,,
2010-07-22,,2.96,,,,,,
2010-07-23,,3.02,,,,,,
2010-07-26,,3.03,,,,,,
2010-07-27,,3.08,,,,,,
2010-07-28,,3.03,,,,,,
2010-07-29,,3.03,,,,,,
2010-07-30,,2.94,,,,,,
2010-08-01,0.19,,217.923,9.5,,,8688.2,68.9
2010-08-02,,2.99,,,,,,
2010-08-03,,2.94,,,,,,
2010-08-04,,2.98,,,,,,
2010-08-05,,2.94,,,,,,
2010-08-06,,2.86,,,,,,
2010-08-09,,2.86,,,,,,
2010-08-10,,2.79,,,,,,
2010-08-11,,2.72,,,,,,
2010-08-12,,2.74,,,,,,
2010-08-13,,2.68,,,,,,
2010-08-16,,2.58,,,,,,
2010-08-17,,2.64,,,,,,
2010-08-18,,2.64,,,,,,
2010-08-19,,2.58,,,,,,
2010-08-20,,2.62,,,,,,
2010-08-23,,2.6,,,,,,
2010-08-24,,2.5,,,,,,
2010-08-25,,2.54,,,,,,
2010-08-26,,2.5,,,,,,
2010-08-27,,2.66,,,,,,
2010-08-30,,2.54,,,,,,
2010-08-31,,2.47,,,,,,
2010-09-01,0.19,2.58,218.275,9.5,,,8718.9,68.2
2010-09-02,,2.63,,,,,,
2010-09-03,,2.72,,,,,,
2010-09-06,,,,,,,,
2010-09-07,,2.61,,,,,,
2010-09-08,,2.66,,,,,,
2010-09-09,,2.77,,,,,,
2010-09-10,,2.81,,,,,,
2010-09-13,,2.74,,,,,,
2010-09-14,,2.68,,,,,,
2010-09-15,,2.74,,,,,,
2010-09-16,,2.77,,,,,,
2010-09-17,,2.75,,,,,,
2010-09-20,,2.72,,,,,,
2010-09-21,,2.61,,,,,,
2010-09-22,,2.56,,,,,,
2010-09-23,,2.56,,,,,,
2010-09-24,,2.62,,,,,,
2010-09-27,,2.54,,,,,,
2010-09-28,,2.48,,,,,,
2010-09-29,,2.52,,,,,,
2010-09-30,,2.53,,,,,,
2010-10-01,0.19,2.54,219.035,9.4,15309.474,11453.368,8768.7,67.7
2010-10-04,,2.5,,,,,,
2010-10-05,,2.5,,,,,,
2010-10-06,,2.41,,,,,,
2010-10-07,,2.41,,,,,,
2010-10-08,,2.41,,,,,,
2010-10-11,,,,,,,,
2010-10-12,,2.44,,,,,,
2010-10-13,,2.46,,,,,,
2010-10-14,,2.52,,,,,,
2010-10-15,,2.59,,,,,,
2010-10-18,,2.52,,,,,,
2010-10-19,,2.5,,,,,,
2010-10-20,,2.51,,,,,,
2010-10-21,,2.57,,,,,,
2010-10-22,,2.59,,,,,,
2010-10-25,,2.59,,,,,,
2010-10-26,,2.67,,,,,,
2010-10-27,,2.75,,,,,,
2010-10-28,,2.69,,,,,,
2010-10-29,,2.63,,,,,,
2010-11-01,0.19,2.66,219.59,9.8,,,8789.3,71.6
2010-11-02,,2.63,,,,,,
2010-11-03,,2.67,,,,,,
2010-11-04,,2.53,,,,,,
2010-11-05,,2.58,,,,,,
2010-11-08,,2.6,,,,,,
2010-11-09,,2.72,,,,,,
2010-11-10,,2.65,,,,,,
2010-11-11,,,,,,,,
2010-11-12,,2.76,,,,,,
2010-11-15,,2.92,,,,,,
2010-11-16,,2.85,,,,,,
2010-11-17,,2.89,,,,,,
2010-11-18,,2.9,,,,,,
2010-11-19,,2.88,,,,,,
2010-11-22,,2.8,,,,,,
2010-11-23,,2.77,,,,,,
2010-11-24,,2.93,,,,,,
2010-11-25,,,,,,,,
2010-11-26,,2.87,,,,,,
2010-11-29,,2.84,,,,,,
2010-11-30,,2.81,,,,,,
2010-12-01,0.18,2.97,220.472,9.3,,,8822.9,74.5
2010-12-02,,3.01,,,,,,
2010-12-03,,3.03,,,,,,
2010-12-06,,2.95,,,,,,
2010-12-07,,3.15,,,,,,
2010-12-08,,3.26,,,,,,
2010-12-09,,3.23,,,,,,
2010-12-10,,3.32,,,,,,
2010-12-13,,3.29,,,,,,
2010-12-14,,3.49,,,,,,
2010-12-15,,3.53,,,,,,
2010-12-16,,3.47,,,,,,
2010-12-17,,3.33,,,,,,
2010-12-20,,3.36,,,,,,
2010-12-21,,3.35,,,,,,
2010-12-22,,3.36,,,,,,
2010-12-23,,3.41,,,,,,
2010-12-24,,,,,,,,
2010-12-27,,3.36,,,,,,
2010-12-28,,3.5,,,,,,
2010-12-29,,3.35,,,,,,
2010-12-30,,3.38,,,,,,
2010-12-31,,3.3,,,,,,
2011-01-01,0.17,,221.187,9.1,15351.448,11497.12,8845.2,74.2
2011-01-03,,3.36,,,,,,
2011-01-04,,3.36,,,,,,
2011-01-05,,3.5,,,,,,
2011-01-06,,3.44,,,,,,
2011-01-07,,3.34,,,,,,
2011-01-10,,3.32,,,,,,
2011-01-11,,3.37,,,,,,
2011-01-12,,3.4,,,,,,
2011-01-13,,3.34,,,,,,
2011-01-14,,3.35,,,,,,
2011-01-17,,,,,,,,
2011-01-18,,3.39,,,,,,
2011-01-19,,3.37,,,,,,
2011-01-20,,3.47,,,,,,
2011-01-21,,3.44,,,,,,
2011-01-24,,3.43,,,,,,
2011-01-25,,3.35,,,,,,
2011-01-26,,3.45,,,,,,
2011-01-27,,3.42,,,,,,
2011-01-28,,3.36,,,,,,
2011-01-31,,3.42,,,,,,
2011-02-01,0.16,3.48,221.898,9.0,,,8909.0,77.5
2011-02-02,,3.52,,,,,,
2011-02-03,,3.58,,,,,,
2011-02-04,,3.68,,,,,,
2011-02-07,,3.68,,,,,,
2011-02-08,,3.75,,,,,,
2011-02-09,,3.65,,,,,,
2011-02-10,,3.7,,,,,,
2011-02-11,,3.64,,,,,,
2011-02-14,,3.62,,,,,,
2011-02-15,,3.61,,,,,,
2011-02-16,,3.62,,,,,,
2011-02-17,,3.58,,,,,,
2011-02-18,,3.59,,,,,,
2011-02-21,,,,,,,,
2011-02-22,,3.46,,,,,,
2011-02-23,,3.49,,,,,,
2011-02-24,,3.46,,,,,,
2011-02-25,,3.42,,,,,,
2011-02-28,,3.42,,,,,,
2011-03-01,0.14,3.41,223.046,9.0,,,8967.0,67.5
2011-03-02,,3.46,,,,,,
2011-03-03,,3.58,,,,,,
2011-03-04,,3.49,,,,,,
2011-03-07,,3.51,,,,,,
2011-03-08,,3.56,,,,,,
2011-03-09,,3.48,,,,,,
2011-03-10,,3.37,,,,,,
2011-03-11,,3.4,,,,,,
2011-03-14,,3.36,,,,,,
2011-03-15,,3.33,,,,,,
2011-03-16,,3.22,,,,,,
2011-03-17,,3.25,,,,,,
2011-03-18,,3.28,,,,,,
2011-03-21,,3.34,,,,,,
2011-03-22,,3.34,,,,,,
2011-03-23,,3.36,,,,,,
2011-03-24,,3.42,,,,,,
2011-03-25,,3.46,,,,,,
2011-03-28,,3.47,,,,,,
2011-03-29,,3.5,,,,,,
2011-03-30,,3.47,,,,,,
2011-03-31,,3.47,,,,,,
2011-04-01,0.1,3.46,224.093,9.1,15557.539,11508.95,9030.4,69.8
2011-04-04,,3.45,,,,,,
2011-04-05,,3.5,,,,,,
2011-04-06,,3.56,,,,,,
2011-04-07,,3.58,,,,,,
2011-04-08,,3.59,,,,,,
2011-04-11,,3.59,,,,,,
2011-04-12,,3.52,,,,,,
2011-04-13,,3.49,,,,,,
2011-04-14,,3.51,,,,,,
2011-04-15,,3.43,,,,,,
2011-04-18,,3.4,,,,,,
2011-04-19,,3.39,,,,,,
2011-04-20,,3.43,,,,,,
2011-04-21,,3.42,,,,,,
2011-04-22,,,,,,,,
2011-04-25,,3.39,,,,,,
2011-04-26,,3.34,,,,,,
2011-04-27,,3.39,,,,,,
2011-04-28,,3.34,,,,,,
2011-04-29,,3.32,,,,,,
2011-05-01,0.09,,224.806,9.0,,,9102.7,74.3
2011-05-02,,3.31,,,,,,
2011-05-03,,3.28,,,,,,
2011-05-04,,3.25,,,,,,
2011-05-05,,3.18,,,,,,
2011-05-06,,3.19,,,,,,
2011-05-09,,3.17,,,,,,
2011-05-10,,3.23,,,,,,
2011-05-11,,3.19,,,,,,
2011-05-12,,3.22,,,,,,
2011-05-13,,3.18,,,,,,
2011-05-16,,3.15,,,,,,
2011-05-17,,3.12,,,,,,
2011-05-18,,3.18,,,,,,
2011-05-19,,3.17,,,,,,
2011-05-20,,3.15,,,,,,
2011-05-23,,3.13,,,,,,
2011-05-24,,3.12,,,,,,
2011-05-25,,3.13,,,,,,
2011-05-26,,3.07,,,,,,
2011-05-27,,3.07,,,,,,
2011-05-30,,,,,,,,
2011-05-31,,3.05,,,,,,
2011-06-01,0.09,2.96,224.806,9.1,,,9176.7,71.5
2011-06-02,,3.04,,,,,,
2011-06-03,,2.99,,,,,,
2011-06-06,,3.01,,,,,,
2011-06-07,,3.01,,,,,,
2011-06-08,,2.98,,,,,,
2011-06-09,,3.01,,,,,,
2011-06-10,,2.99,,,,,,
2011-06-13,,3.0,,,,,,
2011-06-14,,3.11,,,,,,
2011-06-15,,2.98,,,,,,
2011-06-16,,2.93,,,,,,
2011-06-17,,2.94,,,,,,
2011-06-20,,2.97,,,,,,
2011-06-21,,2.99,,,,,,
2011-06-22,,3.01,,,,,,
2011-06-23,,2.93,,,,,,
2011-06-24,,2.88,,,,,,
2011-06-27,,2.95,,,,,,
2011-06-28,,3.05,,,,,,
2011-06-29,,3.14,,,,,,
2011-06-30,,3.18,,,,,,
2011-07-01,0.07,3.22,225.395,9.0,15647.68,11543.975,9338.7,63.7
2011-07-04,,,,,,,,
2011-07-05,,3.16,,,,,,
2011-07-06,,3.12,,,,,,
2011-07-07,,3.17,,,,,,
2011-07-08,,3.03,,,,,,
2011-07-11,,2.94,,,,,,
2011-07-12,,2.92,,,,,,
2011-07-13,,2.92,,,,,,
2011-07-14,,2.98,,,,,,
2011-07-15,,2.94,,,,,,
2011-07-18,,2.94,,,,,,
2011-07-19,,2.91,,,,,,
2011-07-20,,2.96,,,,,,
2011-07-21,,3.03,,,,,,
2011-07-22,,2.99,,,,,,
2011-07-25,,3.03,,,,,,
2011-07-26,,2.99,,,,,,
2011-07-27,,3.01,,,,,,
2011-07-28,,2.98,,,,,,
2011-07-29,,2.82,,,,,,
2011-08-01,0.1,2.77,226.106,9.0,,,9525.1,55.8
2011-08-02,,2.66,,,,,,
2011-08-03,,2.64,,,,,,
2011-08-04,,2.47,,,,,,
2011-08-05,,2.58,,,,,,
2011-08-08,,2.4,,,,,,
2011-08-09,,2.2,,,,,,
2011-08-10,,2.17,,,,,,
2011-08-11,,2.34,,,,,,
2011-08-12,,2.24,,,,,,
2011-08-15,,2.29,,,,,,
2011-08-16,,2.23,,,,,,
2011-08-17,,2.17,,,,,,
2011-08-18,,2.08,,,,,,
2011-08-19,,2.07,,,,,,
2011-08-22,,2.1,,,,,,
2011-08-23,,2.15,,,,,,
2011-08-24,,2.29,,,,,,
2011-08-25,,2.23,,,,,,
2011-08-26,,2.19,,,,,,
2011-08-29,,2.28,,,,,,
2011-08-30,,2.19,,,,,,
2011-08-31,,2.23,,,,,,
2011-09-01,0.08,2.15,226.597,9.0,,,9545.3,59.5
2011-09-02,,2.02,,,,,,
2011-09-05,,,,,,,,
2011-09-06,,1.98,,,,,,
2011-09-07,,2.05,,,,,,
2011-09-08,,2.0,,,,,,
2011-09-09,,1.93,,,,,,
2011-09-12,,1.94,,,,,,
2011-09-13,,2.0,,,,,,
2011-09-14,,2.03,,,,,,
2011-09-15,,2.09,,,,,,
2011-09-16,,2.08,,,,,,
2011-09-19,,1.97,,,,,,
2011-09-20,,1.95,,,,,,
2011-09-21,,1.88,,,,,,
2011-09-22,,1.72,,,,,,
2011-09-23,,1.84,,,,,,
2011-09-26,,1.91,,,,,,
2011-09-27,,2.0,,,,,,
2011-09-28,,2.03,,,,,,
2011-09-29,,1.99,,,,,,
2011-09-30,,1.92,,,,,,
2011-10-01,0.07,,226.75,8.8,15842.259,11563.89,9578.1,60.8
2011-10-03,,1.8,,,,,,
2011-10-04,,1.81,,,,,,
2011-10-05,,1.92,,,,,,
2011-10-06,,2.01,,,,,,
2011-10-07,,2.1,,,,,,
2011-10-10,,,,,,,,
2011-10-11,,2.18,,,,,,
2011-10-12,,2.24,,,,,,
2011-10-13,,2.19,,,,,,
2011-10-14,,2.26,,,,,,
2011-10-17,,2.18,,,,,,
2011-10-18,,2.19,,,,,,
2011-10-19,,2.18,,,,,,
2011-10-20,,2.2,,,,,,
2011-10-21,,2.23,,,,,,
2011-10-24,,2.25,,,,,,
2011-10-25,,2.14,,,,,,
2011-10-26,,2.23,,,,,,
2011-10-27,,2.42,,,,,,
2011-10-28,,2.34,,,,,,
2011-10-31,,2.17,,,,,,
2011-11-01,0.08,2.01,227.169,8.6,,,9629.8,63.7
2011-11-02,,2.03,,,,,,
2011-11-03,,2.09,,,,,,
2011-11-04,,2.06,,,,,,
2011-11-07,,2.04,,,,,,
2011-11-08,,2.1,,,,,,
2011-11-09,,2.0,,,,,,
2011-11-10,,2.04,,,,,,
2011-11-11,,,,,,,,
2011-11-14,,2.04,,,,,,
2011-11-15,,2.06,,,,,,
2011-11-16,,2.01,,,,,,
2011-11-17,,1.96,,,,,,
2011-11-18,,2.01,,,,,,
2011-11-21,,1.97,,,,,,
2011-11-22,,1.94,,,,,,
2011-11-23,,1.89,,,,,,
2011-11-24,,,,,,,,
2011-11-25,,1.97,,,,,,
2011-11-28,,1.97,,,,,,
2011-11-29,,2.0,,,,,,
2011-11-30,,2.08,,,,,,
2011-12-01,0.07,2.11,227.223,8.5,,,9677.4,69.9
2011-12-02,,2.05,,,,,,
2011-12-05,,2.04,,,,,,
2011-12-06,,2.08,,,,,,
2011-12-07,,2.02,,,,,,
2011-12-08,,1.99,,,,,,
2011-12-09,,2.07,,,,,,
2011-12-12,,2.03,,,,,,
2011-12-13,,1.96,,,,,,
2011-12-14,,1.92,,,,,,
2011-12-15,,1.92,,,,,,
2011-12-16,,1.86,,,,,,
2011-12-19,,1.82,,,,,,
2011-12-20,,1.94,,,,,,
2011-12-21,,1.98,,,,,,
2011-12-22,,1.97,,,,,,
2011-12-23,,2.03,,,,,,
2011-12-26,,,,,,,,
2011-12-27,,2.02,,,,,,
2011-12-28,,1.93,,,,,,
2011-12-29,,1.91,,,,,,
2011-12-30,,1.89,,,,,,
2012-01-01,0.08,,227.842,8.3,16068.805,11647.297,9750.5,75.0
2012-01-02,,,,,,,,
2012-01-03,,1.97,,,,,,
2012-01-04,,2.0,,,,,,
2012-01-05,,2.02,,,,,,
2012-01-06,,1.98,,,,,,
2012-01-09,,1.98,,,,,,
2012-01-10,,2.0,,,,,,
2012-01-11,,1.93,,,,,,
2012-01-12,,1.94,,,,,,
2012-01-13,,1.89,,,,,,
2012-01-16,,,,,,,,
2012-01-17,,1.87,,,,,,
2012-01-18,,1.92,,,,,,
2012-01-19,,2.01,,,,,,
2012-01-20,,2.05,,,,,,
2012-01-23,,2.09,,,,,,
2012-01-24,,2.08,,,,,,
2012-01-25,,2.01,,,,,,
2012-01-26,,1.96,,,,,,
2012-01-27,,1.93,,,,,,
2012-01-30,,1.87,,,,,,
2012-01-31,,1.83,,,,,,
2012-02-01,0.1,1.87,228.329,8.3,,,9802.2,75.3
2012-02-02,,1.86,,,,,,
2012-02-03,,1.97,,,,,,
2012-02-06,,1.93,,,,,,
2012-02-07,,2.0,,,,,,
2012-02-08,,2.01,,,,,,
2012-02-09,,2.04,,,,,,
2012-02-10,,1.96,,,,,,
2012-02-13,,1.99,,,,,,
2012-02-14,,1.92,,,,,,
2012-02-15,,1.93,,,,,,
2012-02-16,,1.99,,,,,,
2012-02-17,,2.01,,,,,,
2012-02-20,,,,,,,,
2012-02-21,,2.05,,,,,,
2012-02-22,,2.01,,,,,,
2012-02-23,,1.99,,,,,,
2012-02-24,,1.98,,,,,,
2012-02-27,,1.92,,,,,,
2012-02-28,,1.94,,,,,,
2012-02-29,,1.98,,,,,,
2012-03-01,0.13,2.03,228.807,8.2,,,9846.2,76.2
2012-03-02,,1.99,,,,,,
2012-03-05,,2.0,,,,,,
2012-03-06,,1.96,,,,,,
2012-03-07,,1.98,,,,,,
2012-03-08,,2.03,,,,,,
2012-03-09,,2.04,,,,,,
2012-03-12,,2.04,,,,,,
2012-03-13,,2.14,,,,,,
2012-03-14,,2.29,,,,,,
2012-03-15,,2.29,,,,,,
2012-03-16,,2.31,,,,,,
2012-03-19,,2.39,,,,,,
2012-03-20,,2.38,,,,,,
2012-03-21,,2.31,,,,,,
2012-03-22,,2.29,,,,,,
2012-03-23,,2.25,,,,,,
2012-03-26,,2.26,,,,,,
2012-03-27,,2.2,,,,,,
2012-03-28,,2.21,,,,,,
2012-03-29,,2.18,,,,,,
2012-03-30,,2.23,,,,,,
2012-04-01,0.14,,229.187,8.2,16207.115,11667.753,9899.8,76.4
2012-04-02,,2.22,,,,,,
2012-04-03,,2.3,,,,,,
2012-04-04,,2.25,,,,,,
2012-04-05,,2.19,,,,,,
2012-04-06,,2.07,,,,,,
2012-04-09,,2.06,,,,,,
2012-04-10,,2.01,,,,,,
2012-04-11,,2.05,,,,,,
2012-04-12,,2.08,,,,,,
2012-04-13,,2.02,,,,,,
2012-04-16,,2.0,,,,,,
2012-04-17,,2.03,,,,,,
2012-04-18,,2.0,,,,,,
2012-04-19,,1.98,,,,,,
2012-04-20,,1.99,,,,,,
2012-04-23,,1.96,,,,,,
2012-04-24,,2.0,,,,,,
2012-04-25,,2.01,,,,,,
2012-04-26,,1.98,,,,,,
2012-04-27,,1.96,,,,,,
2012-04-30,,1.95,,,,,,
2012-05-01,0.16,1.98,228.713,8.2,,,9943.0,79.3
2012-05-02,,1.96,,,,,,
2012-05-03,,1.96,,,,,,
2012-05-04,,1.91,,,,,,
2012-05-07,,1.92,,,,,,
2012-05-08,,1.88,,,,,,
2012-05-09,,1.87,,,,,,
2012-05-10,,1.89,,,,,,
2012-05-11,,1.84,,,,,,
2012-05-14,,1.78,,,,,,
2012-05-15,,1.76,,,,,,
2012-05-16,,1.76,,,,,,
2012-05-17,,1.7,,,,,,
2012-05-18,,1.71,,,,,,
2012-05-21,,1.75,,,,,,
2012-05-22,,1.79,,,,,,
2012-05-23,,1.73,,,,,,
2012-05-24,,1.77,,,,,,
2012-05-25,,1.75,,,,,,
2012-05-28,,,,,,,,
2012-05-29,,1.74,,,,,,
2012-05-30,,1.63,,,,,,
2012-05-31,,1.59,,,,,,
2012-06-01,0.16,1.47,228.524,8.2,,,10013.0,73.2
2012-06-04,,1.53,,,,,,
2012-06-05,,1.57,,,,,,
2012-06-06,,1.66,,,,,,
2012-06-07,,1.66,,,,,,
2012-06-08,,1.65,,,,,,
2012-06-11,,1.6,,,,,,
2012-06-12,,1.67,,,,,,
2012-06-13,,1.61,,,,,,
2012-06-14,,1.64,,,,,,
2012-06-15,,1.6,,,,,,
2012-06-18,,1.59,,,,,,
2012-06-19,,1.64,,,,,,
2012-06-20,,1.65,,,,,,
2012-06-21,,1.63,,,,,,
2012-06-22,,1.69,,,,,,
2012-06-25,,1.63,,,,,,
2012-06-26,,1.66,,,,,,
2012-06-27,,1.65,,,,,,
2012-06-28,,1.6,,,,,,
2012-06-29,,1.67,,,,,,
2012-07-01,0.16,,228.59,8.2,16319.541,11691.414,10065.7,72.3
2012-07-02,,1.61,,,,,,
2012-07-03,,1.65,,,,,,
2012-07-04,,,,,,,,
2012-07-05,,1.62,,,,,,
2012-07-06,,1.57,,,,,,
2012-07-09,,1.53,,,,,,
2012-07-10,,1.53,,,,,,
2012-07-11,,1.54,,,,,,
2012-07-12,,1.5,,,,,,
2012-07-13,,1.52,,,,,,
2012-07-16,,1.5,,,,,,
2012-07-17,,1.53,,,,,,
2012-07-18,,1.52,,,,,,
2012-07-19,,1.54,,,,,,
2012-07-20,,1.49,,,,,,
2012-07-23,,1.47,,,,,,
2012-07-24,,1.44,,,,,,
2012-07-25,,1.43,,,,,,
2012-07-26,,1.45,,,,,,
2012-07-27,,1.58,,,,,,
2012-07-30,,1.53,,,,,,
2012-07-31,,1.51,,,,,,
2012-08-01,0.13,1.56,229.918,8.1,,,10136.4,74.3
2012-08-02,,1.51,,,,,,
2012-08-03,,1.6,,,,,,
2012-08-06,,1.59,,,,,,
2012-08-07,,1.66,,,,,,
2012-08-08,,1.68,,,,,,
2012-08-09,,1.69,,,,,,
2012-08-10,,1.65,,,,,,
2012-08-13,,1.65,,,,,,
2012-08-14,,1.73,,,,,,
2012-08-15,,1.8,,,,,,
2012-08-16,,1.83,,,,,,
2012-08-17,,1.81,,,,,,
2012-08-20,,1.82,,,,,,
2012-08-21,,1.8,,,,,,
2012-08-22,,1.71,,,,,,
2012-08-23,,1.68,,,,,,
2012-08-24,,1.68,,,,,,
2012-08-27,,1.65,,,,,,
2012-08-28,,1.64,,,,,,
2012-08-29,,1.66,,,,,,
2012-08-30,,1.63,,,,,,
2012-08-31,,1.57,,,,,,
2012-09-01,0.14,,231.015,7.8,,,10216.6,78.3
2012-09-03,,,,,,,,
2012-09-04,,1.59,,,,,,
2012-09-05,,1.6,,,,,,
2012-09-06,,1.68,,,,,,
2012-09-07,,1.67,,,,,,
2012-09-10,,1.68,,,,,,
2012-09-11,,1.7,,,,,,
2012-09-12,,1.77,,,,,,
2012-09-13,,1.75,,,,,,
2012-09-14,,1.88,,,,,,
2012-09-17,,1.85,,,,,,
2012-09-18,,1.82,,,,,,
2012-09-19,,1.79,,,,,,
2012-09-20,,1.8,,,,,,
2012-09-21,,1.77,,,,,,
2012-09-24,,1.74,,,,,,
2012-09-25,,1.7,,,,,,
2012-09-26,,1.64,,,,,,
2012-09-27,,1.66,,,,,,
2012-09-28,,1.65,,,,,,
2012-10-01,0.16,1.64,231.638,7.8,16420.419,11738.007,10282.8,82.6
2012-10-02,,1.64,,,,,,
2012-10-03,,1.64,,,,,,
2012-10-04,,1.7,,,,,,
2012-10-05,,1.75,,,,,,
2012-10-08,,,,,,,,
2012-10-09,,1.74,,,,,,
2012-10-10,,1.72,,,,,,
2012-10-11,,1.7,,,,,,
2012-10-12,,1.69,,,,,,
2012-10-15,,1.7,,,,,,
2012-10-16,,1.75,,,,,,
2012-10-17,,1.83,,,,,,
2012-10-18,,1.86,,,,,,
2012-10-19,,1.79,,,,,,
2012-10-22,,1.83,,,,,,
2012-10-23,,1.79,,,,,,
2012-10-24,,1.8,,,,,,
2012-10-25,,1.86,,,,,,
2012-10-26,,1.78,,,,,,
2012-10-29,,1.74,,,,,,
2012-10-30,,,,,,,,
2012-10-31,,1.72,,,,,,
2012-11-01,0.16,1.75,231.249,7.7,,,10351.8,82.7
2012-11-02,,1.75,,,,,,
2012-11-05,,1.72,,,,,,
2012-11-06,,1.78,,,,,,
2012-11-07,,1.68,,,,,,
2012-11-08,,1.62,,,,,,
2012-11-09,,1.61,,,,,,
2012-11-12,,,,,,,,
2012-11-13,,1.59,,,,,,
2012-11-14,,1.59,,,,,,
2012-11-15,,1.58,,,,,,
2012-11-16,,1.58,,,,,,
2012-11-19,,1.61,,,,,,
2012-11-20,,1.66,,,,,,
2012-11-21,,1.69,,,,,,
2012-11-22,,,,,,,,
2012-11-23,,1.7,,,,,,
2012-11-26,,1.66,,,,,,
2012-11-27,,1.64,,,,,,
2012-11-28,,1.63,,,,,,
2012-11-29,,1.62,,,,,,
2012-11-30,,1.62,,,,,,
2012-12-01,0.16,,231.221,7.9,,,10474.4,72.9
2012-12-03,,1.63,,,,,,
2012-12-04,,1.62,,,,,,
2012-12-05,,1.6,,,,,,
2012-12-06,,1.59,,,,,,
2012-12-07,,1.64,,,,,,
2012-12-10,,1.63,,,,,,
2012-12-11,,1.66,,,,,,
2012-12-12,,1.72,,,,,,
2012-12-13,,1.74,,,,,,
2012-12-14,,1.72,,,,,,
2012-12-17,,1.78,,,,,,
2012-12-18,,1.84,,,,,,
2012-12-19,,1.82,,,,,,
2012-12-20,,1.81,,,,,,
2012-12-21,,1.77,,,,,,
2012-12-24,,1.79,,,,,,
2012-12-25,,,,,,,,
2012-12-26,,1.77,,,,,,
2012-12-27,,1.74,,,,,,
2012-12-28,,1.73,,,,,,
2012-12-31,,1.78,,,,,,
2013-01-01,0.14,,231.679,8.0,16648.189,11814.326,10497.6,73.8
2013-01-02,,1.86,,,,,,
2013-01-03,,1.92,,,,,,
2013-01-04,,1.93,,,,,,
2013-01-07,,1.92,,,,,,
2013-01-08,,1.89,,,,,,
2013-01-09,,1.88,,,,,,
2013-01-10,,1.91,,,,,,
2013-01-11,,1.89,,,,,,
2013-01-14,,1.89,,,,,,
2013-01-15,,1.86,,,,,,
2013-01-16,,1.84,,,,,,
2013-01-17,,1.89,,,,,,
2013-01-18,,1.87,,,,,,
2013-01-21,,,,,,,,
2013-01-22,,1.86,,,,,,
2013-01-23,,1.86,,,,,,
2013-01-24,,1.88,,,,,,
2013-01-25,,1.98,,,,,,
2013-01-28,,2.0,,,,,,
2013-01-29,,2.03,,,,,,
2013-01-30,,2.03,,,,,,
2013-01-31,,2.02,,,,,,
2013-02-01,0.15,2.04,232.937,7.7,,,10516.6,77.6
2013-02-04,,2.0,,,,,,
2013-02-05,,2.04,,,,,,
2013-02-06,,2.0,,,,,,
2013-02-07,,1.99,,,,,,
2013-02-08,,1.99,,,,,,
2013-02-11,,1.99,,,,,,
2013-02-12,,2.02,,,,,,
2013-02-13,,2.05,,,,,,
2013-02-14,,2.0,,,,,,
2013-02-15,,2.01,,,,,,
2013-02-18,,,,,,,,
2013-02-19,,2.03,,,,,,
2013-02-20,,2.02,,,,,,
2013-02-21,,1.99,,,,,,
2013-02-22,,1.97,,,,,,
2013-02-25,,1.88,,,,,,
2013-02-26,,1.88,,,,,,
2013-02-27,,1.91,,,,,,
2013-02-28,,1.89,,,,,,
2013-03-01,0.14,1.86,232.282,7.5,,,10572.9,78.6
2013-03-04,,1.88,,,,,,
2013-03-05,,1.9,,,,,,
2013-03-06,,1.95,,,,,,
2013-03-07,,2.0,,,,,,
2013-03-08,,2.06,,,,,,
2013-03-11,,2.07,,,,,,
2013-03-12,,2.03,,,,,,
2013-03-13,,2.04,,,,,,
2013-03-14,,2.04,,,,,,
2013-03-15,,2.01,,,,,,
2013-03-18,,1.96,,,,,,
2013-03-19,,1.92,,,,,,
2013-03-20,,1.96,,,,,,
2013-03-21,,1.95,,,,,,
2013-03-22,,1.93,,,,,,
2013-03-25,,1.93,,,,,,
2013-03-26,,1.92,,,,,,
2013-03-27,,1.87,,,,,,
2013-03-28,,1.87,,,,,,
2013-03-29,,,,,,,,
2013-04-01,0.15,1.86,231.797,7.6,16728.687,11848.089,10600.4,76.4
2013-04-02,,1.88,,,,,,
2013-04-03,,1.83,,,,,,
2013-04-04,,1.78,,,,,,
2013-04-05,,1.72,,,,,,
2013-04-08,,1.76,,,,,,
2013-04-09,,1.78,,,,,,
2013-04-10,,1.84,,,,,,
2013-04-11,,1.82,,,,,,
2013-04-12,,1.75,,,,,,
2013-04-15,,1.72,,,,,,
2013-04-16,,1.75,,,,,,
2013-04-17,,1.73,,,,,,
2013-04-18,,1.72,,,,,,
2013-04-19,,1.73,,,,,,
2013-04-22,,1.72,,,,,,
2013-04-23,,1.74,,,,,,
2013-04-24,,1.73,,,,,,
2013-04-25,,1.74,,,,,,
2013-04-26,,1.7,,,,,,
2013-04-29,,1.7,,,,,,
2013-04-30,,1.7,,,,,,
2013-05-01,0.11,1.66,231.893,7.5,,,10634.7,84.5
2013-05-02,,1.66,,,,,,
2013-05-03,,1.78,,,,,,
2013-05-06,,1.8,,,,,,
2013-05-07,,1.82,,,,,,
2013-05-08,,1.81,,,,,,
2013-05-09,,1.81,,,,,,
2013-05-10,,1.9,,,,,,
2013-05-13,,1.92,,,,,,
2013-05-14,,1.96,,,,,,
2013-05-15,,1.94,,,,,,
2013-05-16,,1.87,,,,,,
2013-05-17,,1.95,,,,,,
2013-05-20,,1.97,,,,,,
2013-05-21,,1.94,,,,,,
2013-05-22,,2.03,,,,,,
2013-05-23,,2.02,,,,,,
2013-05-24,,2.01,,,,,,
2013-05-27,,,,,,,,
2013-05-28,,2.15,,,,,,
2013-05-29,,2.13,,,,,,
2013-05-30,,2.13,,,,,,
2013-05-31,,2.16,,,,,,
2013-06-01,0.09,,232.445,7.5,,,10692.3,84.1
2013-06-03,,2.13,,,,,,
2013-06-04,,2.14,,,,,,
2013-06-05,,2.1,,,,,,
2013-06-06,,2.08,,,,,,
2013-06-07,,2.17,,,,,,
2013-06-10,,2.22,,,,,,
2013-06-11,,2.2,,,,,,
2013-06-12,,2.25,,,,,,
2013-06-13,,2.19,,,,,,
2013-06-14,,2.14,,,,,,
2013-06-17,,2.19,,,,,,
2013-06-18,,2.2,,,,,,
2013-06-19,,2.33,,,,,,
2013-06-20,,2.41,,,,,,
2013-06-21,,2.52,,,,,,
2013-06-24,,2.57,,,,,,
2013-06-25,,2.6,,,,,,
2013-06-26,,2.55,,,,,,
2013-06-27,,2.49,,,,,,
2013-06-28,,2.52,,,,,,
2013-07-01,0.09,2.5,232.9,7.3,16953.838,11896.258,10731.5,85.1
2013-07-02,,2.48,,,,,,
2013-07-03,,2.52,,,,,,
2013-07-04,,,,,,,,
2013-07-05,,2.73,,,,,,
2013-07-08,,2.65,,,,,,
2013-07-09,,2.65,,,,,,
2013-07-10,,2.7,,,,,,
2013-07-11,,2.6,,,,,,
2013-07-12,,2.61,,,,,,
2013-07-15,,2.57,,,,,,
2013-07-16,,2.55,,,,,,
2013-07-17,,2.52,,,,,,
2013-07-18,,2.56,,,,,,
2013-07-19,,2.5,,,,,,
2013-07-22,,2.5,,,,,,
2013-07-23,,2.53,,,,,,
2013-07-24,,2.61,,,,,,
2013-07-25,,2.61,,,,,,
2013-07-26,,2.58,,,,,,
2013-07-29,,2.61,,,,,,
2013-07-30,,2.63,,,,,,
2013-07-31,,2.6,,,,,,
2013-08-01,0.08,2.74,233.456,7.2,,,10789.6,82.1
2013-08-02,,2.63,,,,,,
2013-08-05,,2.67,,,,,,
2013-08-06,,2.67,,,,,,
2013-08-07,,2.61,,,,,,
2013-08-08,,2.58,,,,,,
2013-08-09,,2.57,,,,,,
2013-08-12,,2.61,,,,,,
2013-08-13,,2.71,,,,,,
2013-08-14,,2.71,,,,,,
2013-08-15,,2.77,,,,,,
2013-08-16,,2.84,,,,,,
2013-08-19,,2.88,,,,,,
2013-08-20,,2.82,,,,,,
2013-08-21,,2.87,,,,,,
2013-08-22,,2.9,,,,,,
2013-08-23,,2.82,,,,,,
2013-08-26,,2.79,,,,,,
2013-08-27,,2.72,,,,,,
2013-08-28,,2.78,,,,,,
2013-08-29,,2.75,,,,,,
2013-08-30,,2.78,,,,,,
2013-09-01,0.08,,233.544,7.2,,,10850.0,77.5
2013-09-02,,,,,,,,
2013-09-03,,2.86,,,,,,
2013-09-04,,2.9,,,,,,
2013-09-05,,2.98,,,,,,
2013-09-06,,2.94,,,,,,
2013-09-09,,2.9,,,,,,
2013-09-10,,2.96,,,,,,
2013-09-11,,2.93,,,,,,
2013-09-12,,2.92,,,,,,
2013-09-13,,2.9,,,,,,
2013-09-16,,2.88,,,,,,
2013-09-17,,2.86,,,,,,
2013-09-18,,2.69,,,,,,
2013-09-19,,2.76,,,,,,
2013-09-20,,2.75,,,,,,
2013-09-23,,2.72,,,,,,
2013-09-24,,2.67,,,,,,
2013-09-25,,2.63,,,,,,
2013-09-26,,2.66,,,,,,
2013-09-27,,2.64,,,,,,
2013-09-30,,2.64,,,,,,
2013-10-01,0.09,2.66,233.669,7.2,17192.019,12001.027,10974.2,73.2
2013-10-02,,2.63,,,,,,
2013-10-03,,2.62,,,,,,
2013-10-04,,2.66,,,,,,
2013-10-07,,2.65,,,,,,
2013-10-08,,2.66,,,,,,
2013-10-09,,2.68,,,,,,
2013-10-10,,2.71,,,,,,
2013-10-11,,2.7,,,,,,
2013-10-14,,,,,,,,
2013-10-15,,2.75,,,,,,
2013-10-16,,2.69,,,,,,
2013-10-17,,2.61,,,,,,
2013-10-18,,2.6,,,,,,
2013-10-21,,2.63,,,,,,
2013-10-22,,2.54,,,,,,
2013-10-23,,2.51,,,,,,
2013-10-24,,2.53,,,,,,
2013-10-25,,2.53,,,,,,
2013-10-28,,2.54,,,,,,
2013-10-29,,2.53,,,,,,
2013-10-30,,2.55,,,,,,
2013-10-31,,2.57,,,,,,
2013-11-01,0.08,2.65,234.1,6.9,,,10982.9,75.1
2013-11-04,,2.63,,,,,,
2013-11-05,,2.69,,,,,,
2013-11-06,,2.67,,,,,,
2013-11-07,,2.63,,,,,,
2013-11-08,,2.77,,,,,,
2013-11-11,,,,,,,,
2013-11-12,,2.8,,,,,,
2013-11-13,,2.75,,,,,,
2013-11-14,,2.69,,,,,,
2013-11-15,,2.71,,,,,,
2013-11-18,,2.67,,,,,,
2013-11-19,,2.71,,,,,,
2013-11-20,,2.8,,,,,,
2013-11-21,,2.79,,,,,,
2013-11-22,,2.75,,,,,,
2013-11-25,,2.74,,,,,,
2013-11-26,,2.71,,,,,,
2013-11-27,,2.74,,,,,,
2013-11-28,,,,,,,,
2013-11-29,,2.75,,,,,,
2013-12-01,0.09,,234.719,6.7,,,11047.8,82.5
2013-12-02,,2.81,,,,,,
2013-12-03,,2.79,,,,,,
2013-12-04,,2.84,,,,,,
2013-12-05,,2.88,,,,,,
2013-12-06,,2.88,,,,,,
2013-12-09,,2.86,,,,,,
2013-12-10,,2.81,,,,,,
2013-12-11,,2.86,,,,,,
2013-12-12,,2.89,,,,,,
2013-12-13,,2.88,,,,,,
2013-12-16,,2.89,,,,,,
2013-12-17,,2.85,,,,,,
2013-12-18,,2.89,,,,,,
2013-12-19,,2.94,,,,,,
2013-12-20,,2.89,,,,,,
2013-12-23,,2.94,,,,,,
2013-12-24,,2.99,,,,,,
2013-12-25,,,,,,,,
2013-12-26,,3.0,,,,,,
2013-12-27,,3.02,,,,,,
2013-12-30,,2.99,,,,,,
2013-12-31,,3.04,,,,,,
2014-01-01,0.07,,235.288,6.6,17197.738,12044.203,11117.6,81.2
2014-01-02,,3.0,,,,,,
2014-01-03,,3.01,,,,,,
2014-01-06,,2.98,,,,,,
2014-01-07,,2.96,,,,,,
2014-01-08,,3.01,,,,,,
2014-01-09,,2.97,,,,,,
2014-01-10,,2.88,,,,,,
2014-01-13,,2.84,,,,,,
2014-01-14,,2.88,,,,,,
2014-01-15,,2.9,,,,,,
2014-01-16,,2.86,,,,,,
2014-01-17,,2.84,,,,,,
2014-01-20,,,,,,,,
2014-01-21,,2.85,,,,,,
2014-01-22,,2.87,,,,,,
2014-01-23,,2.79,,,,,,
2014-01-24,,2.75,,,,,,
2014-01-27,,2.78,,,,,,
2014-01-28,,2.77,,,,,,
2014-01-29,,2.69,,,,,,
2014-01-30,,2.72,,,,,,
2014-01-31,,2.67,,,,,,
2014-02-01,0.07,,235.547,6.7,,,11183.2,81.6
2014-02-03,,2.61,,,,,,
2014-02-04,,2.64,,,,,,
2014-02-05,,2.7,,,,,,
2014-02-06,,2.73,,,,,,
2014-02-07,,2.71,,,,,,
2014-02-10,,2.7,,,,,,
2014-02-11,,2.75,,,,,,
2014-02-12,,2.8,,,,,,
2014-02-13,,2.73,,,,,,
2014-02-14,,2.75,,,,,,
2014-02-17,,,,,,,,
2014-02-18,,2.71,,,,,,
2014-02-19,,2.73,,,,,,
2014-02-20,,2.76,,,,,,
2014-02-21,,2.73,,,,,,
2014-02-24,,2.75,,,,,,
2014-02-25,,2.7,,,,,,
2014-02-26,,2.67,,,,,,
2014-02-27,,2.65,,,,,,
2014-02-28,,2.66,,,,,,
2014-03-01,0.08,,236.028,6.7,,,11219.1,80.0
2014-03-03,,2.6,,,,,,
2014-03-04,,2.7,,,,,,
2014-03-05,,2.7,,,,,,
2014-03-06,,2.74,,,,,,
2014-03-07,,2.8,,,,,,
2014-03-10,,2.79,,,,,,
2014-03-11,,2.77,,,,,,
2014-03-12,,2.73,,,,,,
2014-03-13,,2.66,,,,,,
2014-03-14,,2.65,,,,,,
2014-03-17,,2.7,,,,,,
2014-03-18,,2.68,,,,,,
2014-03-19,,2.78,,,,,,
2014-03-20,,2.79,,,,,,
2014-03-21,,2.75,,,,,,
2014-03-24,,2.74,,,,,,
2014-03-25,,2.75,,,,,,
2014-03-26,,2.71,,,,,,
2014-03-27,,2.69,,,,,,
2014-03-28,,2.73,,,,,,
2014-03-31,,2.73,,,,,,
2014-04-01,0.09,2.77,236.468,6.2,17518.508,12159.899,11264.0,84.1
2014-04-02,,2.82,,,,,,
2014-04-03,,2.8,,,,,,
2014-04-04,,2.74,,,,,,
2014-04-07,,2.71,,,,,,
2014-04-08,,2.69,,,,,,
2014-04-09,,2.71,,,,,,
2014-04-10,,2.65,,,,,,
2014-04-11,,2.63,,,,,,
2014-04-14,,2.65,,,,,,
2014-04-15,,2.64,,,,,,
2014-04-16,,2.65,,,,,,
2014-04-17,,2.73,,,,,,
2014-04-18,,,,,,,,
2014-04-21,,2.73,,,,,,
2014-04-22,,2.73,,,,,,
2014-04-23,,2.7,,,,,,
2014-04-24,,2.7,,,,,,
2014-04-25,,2.68,,,,,,
2014-04-28,,2.7,,,,,,
2014-04-29,,2.71,,,,,,
2014-04-30,,2.67,,,,,,
2014-05-01,0.09,2.63,236.918,6.3,,,11328.5,81.9
2014-05-02,,2.6,,,,,,
2014-05-05,,2.63,,,,,,
2014-05-06,,2.61,,,,,,
2014-05-07,,2.62,,,,,,
2014-05-08,,2.61,,,,,,
2014-05-09,,2.62,,,,,,
2014-05-12,,2.66,,,,,,
2014-05-13,,2.61,,,,,,
2014-05-14,,2.54,,,,,,
2014-05-15,,2.5,,,,,,
2014-05-16,,2.52,,,,,,
2014-05-19,,2.54,,,,,,
2014-05-20,,2.52,,,,,,
2014-05-21,,2.54,,,,,,
2014-05-22,,2.56,,,,,,
2014-05-23,,2.54,,,,,,
2014-05-26,,,,,,,,
2014-05-27,,2.52,,,,,,
2014-05-28,,2.44,,,,,,
2014-05-29,,2.45,,,,,,
2014-05-30,,2.48,,,,,,
2014-06-01,0.1,,237.231,6.1,,,11383.7,82.5
2014-06-02,,2.54,,,,,,
2014-06-03,,2.6,,,,,,
2014-06-04,,2.61,,,,,,
2014-06-05,,2.59,,,,,,
2014-06-06,,2.6,,,,,,
2014-06-09,,2.62,,,,,,
2014-06-10,,2.64,,,,,,
2014-06-11,,2.65,,,,,,
2014-06-12,,2.58,,,,,,
2014-06-13,,2.6,,,,,,
2014-06-16,,2.61,,,,,,
2014-06-17,,2.66,,,,,,
2014-06-18,,2.61,,,,,,
2014-06-19,,2.64,,,,,,
2014-06-20,,2.63,,,,,,
2014-06-23,,2.63,,,,,,
2014-06-24,,2.59,,,,,,
2014-06-25,,2.57,,,,,,
2014-06-26,,2.53,,,,,,
2014-06-27,,2.54,,,,,,
2014-06-30,,2.53,,,,,,
2014-07-01,0.09,2.58,237.498,6.2,17804.228,12280.086,11438.4,81.8
2014-07-02,,2.64,,,,,,
2014-07-03,,2.65,,,,,,
2014-07-04,,,,,,,,
2014-07-07,,2.63,,,,,,
2014-07-08,,2.58,,,,,,
2014-07-09,,2.57,,,,,,
2014-07-10,,2.55,,,,,,
2014-07-11,,2.53,,,,,,
2014-07-14,,2.55,,,,,,
2014-07-15,,2.56,,,,,,
2014-07-16,,2.55,,,,,,
2014-07-17,,2.47,,,,,,
2014-07-18,,2.5,,,,,,
2014-07-21,,2.49,,,,,,
2014-07-22,,2.48,,,,,,
2014-07-23,,2.48,,,,,,
2014-07-24,,2.52,,,,,,
2014-07-25,,2.48,,,,,,
2014-07-28,,2.5,,,,,,
2014-07-29,,2.47,,,,,,
2014-07-30,,2.57,,,,,,
2014-07-31,,2.58,,,,,,
2014-08-01,0.09,2.52,237.46,6.1,,,11462.5,82.5
2014-08-04,,2.51,,,,,,
2014-08-05,,2.49,,,,,,
2014-08-06,,2.49,,,,,,
2014-08-07,,2.43,,,,,,
2014-08-08,,2.44,,,,,,
2014-08-11,,2.44,,,,,,
2014-08-12,,2.46,,,,,,
2014-08-13,,2.43,,,,,,
2014-08-14,,2.4,,,,,,
2014-08-15,,2.34,,,,,,
2014-08-18,,2.39,,,,,,
2014-08-19,,2.4,,,,,,
2014-08-20,,2.43,,,,,,
2014-08-21,,2.41,,,,,,
2014-08-22,,2.4,,,,,,
2014-08-25,,2.39,,,,,,
2014-08-26,,2.39,,,,,,
2014-08-27,,2.37,,,,,,
2014-08-28,,2.34,,,,,,
2014-08-29,,2.35,,,,,,
2014-09-01,0.09,,237.477,5.9,,,11503.7,84.6
2014-09-02,,2.42,,,,,,
2014-09-03,,2.41,,,,,,
2014-09-04,,2.45,,,,,,
2014-09-05,,2.46,,,,,,
2014-09-08,,2.48,,,,,,
2014-09-09,,2.5,,,,,,
2014-09-10,,2.54,,,,,,
2014-09-11,,2.54,,,,,,
2014-09-12,,2.62,,,,,,
2014-09-15,,2.6,,,,,,
2014-09-16,,2.6,,,,,,
2014-09-17,,2.62,,,,,,
2014-09-18,,2.63,,,,,,
2014-09-19,,2.59,,,,,,
2014-09-22,,2.57,,,,,,
2014-09-23,,2.54,,,,,,
2014-09-24,,2.57,,,,,,
2014-09-25,,2.52,,,,,,
2014-09-26,,2.54,,,,,,
2014-09-29,,2.5,,,,,,
2014-09-30,,2.52,,,,,,
2014-10-01,0.09,2.42,237.43,5.7,17912.079,12421.595,11577.5,86.9
2014-10-02,,2.44,,,,,,
2014-10-03,,2.45,,,,,,
2014-10-06,,2.43,,,,,,
2014-10-07,,2.36,,,,,,
2014-10-08,,2.35,,,,,,
2014-10-09,,2.34,,,,,,
2014-10-10,,2.31,,,,,,
2014-10-13,,,,,,,,
2014-10-14,,2.21,,,,,,
2014-10-15,,2.15,,,,,,
2014-10-16,,2.17,,,,,,
2014-10-17,,2.22,,,,,,
2014-10-20,,2.2,,,,,,
2014-10-21,,2.23,,,,,,
2014-10-22,,2.25,,,,,,
2014-10-23,,2.29,,,,,,
2014-10-24,,2.29,,,,,,
2014-10-27,,2.27,,,,,,
2014-10-28,,2.3,,,,,,
2014-10-29,,2.34,,,,,,
2014-10-30,,2.32,,,,,,
2014-10-31,,2.35,,,,,,
2014-11-01,0.09,,236.983,5.8,,,11618.2,88.8
2014-11-03,,2.36,,,,,,
2014-11-04,,2.35,,,,,,
2014-11-05,,2.36,,,,,,
2014-11-06,,2.39,,,,,,
2014-11-07,,2.32,,,,,,
2014-11-10,,2.38,,,,,,
2014-11-11,,,,,,,,
2014-11-12,,2.37,,,,,,
2014-11-13,,2.35,,,,,,
2014-11-14,,2.32,,,,,,
2014-11-17,,2.34,,,,,,
2014-11-18,,2.32,,,,,,
2014-11-19,,2.36,,,,,,
2014-11-20,,2.34,,,,,,
2014-11-21,,2.31,,,,,,
2014-11-24,,2.3,,,,,,
2014-11-25,,2.27,,,,,,
2014-11-26,,2.24,,,,,,
2014-11-27,,,,,,,,
2014-11-28,,2.18,,,,,,
2014-12-01,0.12,2.22,236.252,5.6,,,11701.9,93.6
2014-12-02,,2.28,,,,,,
2014-12-03,,2.29,,,,,,
2014-12-04,,2.25,,,,,,
2014-12-05,,2.31,,,,,,
2014-12-08,,2.26,,,,,,
2014-12-09,,2.22,,,,,,
2014-12-10,,2.18,,,,,,
2014-12-11,,2.19,,,,,,
2014-12-12,,2.1,,,,,,
2014-12-15,,2.12,,,,,,
2014-12-16,,2.07,,,,,,
2014-12-17,,2.14,,,,,,
2014-12-18,,2.22,,,,,,
2014-12-19,,2.17,,,,,,
2014-12-22,,2.17,,,,,,
2014-12-23,,2.26,,,,,,
2014-12-24,,2.27,,,,,,
2014-12-25,,,,,,,,
2014-12-26,,2.25,,,,,,
2014-12-29,,2.22,,,,,,
2014-12-30,,2.2,,,,,,
2014-12-31,,2.17,,,,,,
2015-01-01,0.11,,234.747,5.7,18063.529,12516.902,11788.8,98.1
2015-01-02,,2.12,,,,,,
2015-01-05,,2.04,,,,,,
2015-01-06,,1.97,,,,,,
2015-01-07,,1.96,,,,,,
2015-01-08,,2.03,,,,,,
2015-01-09,,1.98,,,,,,
2015-01-12,,1.92,,,,,,
2015-01-13,,1.91,,,,,,
2015-01-14,,1.86,,,,,,
2015-01-15,,1.77,,,,,,
2015-01-16,,1.83,,,,,,
2015-01-19,,,,,,,,
2015-01-20,,1.82,,,,,,
2015-01-21,,1.87,,,,,,
2015-01-22,,1.9,,,,,,
2015-01-23,,1.81,,,,,,
2015-01-26,,1.83,,,,,,
2015-01-27,,1.83,,,,,,
2015-01-28,,1.73,,,,,,
2015-01-29,,1.77,,,,,,
2015-01-30,,1.68,,,,,,
2015-02-01,0.11,,235.342,5.5,,,11905.6,95.4
2015-02-02,,1.68,,,,,,
2015-02-03,,1.79,,,,,,
2015-02-04,,1.81,,,,,,
2015-02-05,,1.83,,,,,,
2015-02-06,,1.95,,,,,,
2015-02-09,,1.96,,,,,,
2015-02-10,,2.01,,,,,,
2015-02-11,,2.0,,,,,,
2015-02-12,,1.99,,,,,,
2015-02-13,,2.02,,,,,,
2015-02-16,,,,,,,,
2015-02-17,,2.14,,,,,,
2015-02-18,,2.07,,,,,,
2015-02-19,,2.11,,,,,,
2015-02-20,,2.13,,,,,,
2015-02-23,,2.06,,,,,,
2015-02-24,,1.99,,,,,,
2015-02-25,,1.96,,,,,,
2015-02-26,,2.03,,,,,,
2015-02-27,,2.0,,,,,,
2015-03-01,0.11,,235.976,5.4,,,11903.7,93.0
2015-03-02,,2.08,,,,,,
2015-03-03,,2.12,,,,,,
2015-03-04,,2.12,,,,,,
2015-03-05,,2.11,,,,,,
2015-03-06,,2.24,,,,,,
2015-03-09,,2.2,,,,,,
2015-03-10,,2.14,,,,,,
2015-03-11,,2.11,,,,,,
2015-03-12,,2.1,,,,,,
2015-03-13,,2.13,,,,,,
2015-03-16,,2.1,,,,,,
2015-03-17,,2.06,,,,,,
2015-03-18,,1.93,,,,,,
2015-03-19,,1.98,,,,,,
2015-03-20,,1.93,,,,,,
2015-03-23,,1.92,,,,,,
2015-03-24,,1.88,,,,,,
2015-03-25,,1.93,,,,,,
2015-03-26,,2.01,,,,,,
2015-03-27,,1.95,,,,,,
2015-03-30,,1.96,,,,,,
2015-03-31,,1.94,,,,,,
2015-04-01,0.12,1.87,236.222,5.4,18279.784,12603.053,11937.6,95.9
2015-04-02,,1.92,,,,,,
2015-04-03,,1.85,,,,,,
2015-04-06,,1.92,,,,,,
2015-04-07,,1.89,,,,,,
2015-04-08,,1.92,,,,,,
2015-04-09,,1.97,,,,,,
2015-04-10,,1.96,,,,,,
2015-04-13,,1.94,,,,,,
2015-04-14,,1.9,,,,,,
2015-04-15,,1.91,,,,,,
2015-04-16,,1.9,,,,,,
2015-04-17,,1.87,,,,,,
2015-04-20,,1.9,,,,,,
2015-04-21,,1.92,,,,,,
2015-04-22,,1.99,,,,,,
2015-04-23,,1.96,,,,,,
2015-04-24,,1.93,,,,,,
2015-04-27,,1.94,,,,,,
2015-04-28,,2.0,,,,,,
2015-04-29,,2.06,,,,,,
2015-04-30,,2.05,,,,,,
2015-05-01,0.12,2.12,237.001,5.6,,,11965.0,90.7
2015-05-04,,2.16,,,,,,
2015-05-05,,2.19,,,,,,
2015-05-06,,2.25,,,,,,
2015-05-07,,2.18,,,,,,
2015-05-08,,2.16,,,,,,
2015-05-11,,2.28,,,,,,
2015-05-12,,2.28,,,,,,
2015-05-13,,2.27,,,,,,
2015-05-14,,2.23,,,,,,
2015-05-15,,2.14,,,,,,
2015-05-18,,2.23,,,,,,
2015-05-19,,2.27,,,,,,
2015-05-20,,2.26,,,,,,
2015-05-21,,2.19,,,,,,
2015-05-22,,2.21,,,,,,
2015-05-25,,,,,,,,
2015-05-26,,2.14,,,,,,
2015-05-27,,2.14,,,,,,
2015-05-28,,2.13,,,,,,
2015-05-29,,2.12,,,,,,
2015-06-01,0.13,2.19,237.657,5.3,,,12005.6,96.1
2015-06-02,,2.27,,,,,,
2015-06-03,,2.38,,,,,,
2015-06-04,,2.31,,,,,,
2015-06-05,,2.41,,,,,,
2015-06-08,,2.39,,,,,,
2015-06-09,,2.42,,,,,,
2015-06-10,,2.5,,,,,,
2015-06-11,,2.39,,,,,,
2015-06-12,,2.39,,,,,,
2015-06-15,,2.36,,,,,,
2015-06-16,,2.32,,,,,,
2015-06-17,,2.32,,,,,,
2015-06-18,,2.35,,,,,,
2015-06-19,,2.26,,,,,,
2015-06-22,,2.37,,,,,,
2015-06-23,,2.42,,,,,,
2015-06-24,,2.38,,,,,,
2015-06-25,,2.4,,,,,,
2015-06-26,,2.49,,,,,,
2015-06-29,,2.33,,,,,,
2015-06-30,,2.35,,,,,,
2015-07-01,0.13,2.43,238.034,5.2,18401.626,12691.79,12049.2,93.1
2015-07-02,,2.4,,,,,,
2015-07-03,,,,,,,,
2015-07-06,,2.3,,,,,,
2015-07-07,,2.27,,,,,,
2015-07-08,,2.22,,,,,,
2015-07-09,,2.32,,,,,,
2015-07-10,,2.42,,,,,,
2015-07-13,,2.44,,,,,,
2015-07-14,,2.41,,,,,,
2015-07-15,,2.36,,,,,,
2015-07-16,,2.36,,,,,,
2015-07-17,,2.34,,,,,,
2015-07-20,,2.38,,,,,,
2015-07-21,,2.35,,,,,,
2015-07-22,,2.33,,,,,,
2015-07-23,,2.28,,,,,,
2015-07-24,,2.27,,,,,,
2015-07-27,,2.23,,,,,,
2015-07-28,,2.26,,,,,,
2015-07-29,,2.29,,,,,,
2015-07-30,,2.28,,,,,,
2015-07-31,,2.2,,,,,,
2015-08-01,0.14,,238.033,5.1,,,12093.7,91.9
2015-08-03,,2.16,,,,,,
2015-08-04,,2.23,,,,,,
2015-08-05,,2.28,,,,,,
2015-08-06,,2.23,,,,,,
2015-08-07,,2.18,,,,,,
2015-08-10,,2.24,,,,,,
2015-08-11,,2.15,,,,,,
2015-08-12,,2.14,,,,,,
2015-08-13,,2.19,,,,,,
2015-08-14,,2.2,,,,,,
2015-08-17,,2.16,,,,,,
2015-08-18,,2.2,,,,,,
2015-08-19,,2.12,,,,,,
2015-08-20,,2.09,,,,,,
2015-08-21,,2.05,,,,,,
2015-08-24,,2.01,,,,,,
2015-08-25,,2.12,,,,,,
2015-08-26,,2.18,,,,,,
2015-08-27,,2.18,,,,,,
2015-08-28,,2.19,,,,,,
2015-08-31,,2.21,,,,,,
2015-09-01,0.14,2.17,237.498,5.0,,,12154.8,87.2
2015-09-02,,2.2,,,,,,
2015-09-03,,2.18,,,,,,
2015-09-04,,2.13,,,,,,
2015-09-07,,,,,,,,
2015-09-08,,2.2,,,,,,
2015-09-09,,2.21,,,,,,
2015-09-10,,2.23,,,,,,
2015-09-11,,2.2,,,,,,
2015-09-14,,2.18,,,,,,
2015-09-15,,2.28,,,,,,
2015-09-16,,2.3,,,,,,
2015-09-17,,2.21,,,,,,
2015-09-18,,2.13,,,,,,
2015-09-21,,2.2,,,,,,
2015-09-22,,2.14,,,,,,
2015-09-23,,2.16,,,,,,
2015-09-24,,2.13,,,,,,
2015-09-25,,2.17,,,,,,
2015-09-28,,2.1,,,,,,
2015-09-29,,2.05,,,,,,
2015-09-30,,2.06,,,,,,
2015-10-01,0.12,2.05,237.733,5.0,18435.137,12743.411,12206.1,90.0
2015-10-02,,1.99,,,,,,
2015-10-05,,2.07,,,,,,
2015-10-06,,2.05,,,,,,
2015-10-07,,2.08,,,,,,
2015-10-08,,2.12,,,,,,
2015-10-09,,2.12,,,,,,
2015-10-12,,,,,,,,
2015-10-13,,2.06,,,,,,
2015-10-14,,1.99,,,,,,
2015-10-15,,2.04,,,,,,
2015-10-16,,2.04,,,,,,
2015-10-19,,2.04,,,,,,
2015-10-20,,2.08,,,,,,
2015-10-21,,2.04,,,,,,
2015-10-22,,2.04,,,,,,
2015-10-23,,2.09,,,,,,
2015-10-26,,2.07,,,,,,
2015-10-27,,2.05,,,,,,
2015-10-28,,2.1,,,,,,
2015-10-29,,2.19,,,,,,
2015-10-30,,2.16,,,,,,
2015-11-01,0.12,,238.017,5.1,,,12297.5,91.3
2015-11-02,,2.2,,,,,,
2015-11-03,,2.23,,,,,,
2015-11-04,,2.25,,,,,,
2015-11-05,,2.26,,,,,,
2015-11-06,,2.34,,,,,,
2015-11-09,,2.36,,,,,,
2015-11-10,,2.32,,,,,,
2015-11-11,,,,,,,,
2015-11-12,,2.32,,,,,,
2015-11-13,,2.28,,,,,,
2015-11-16,,2.27,,,,,,
2015-11-17,,2.25,,,,,,
2015-11-18,,2.27,,,,,,
2015-11-19,,2.24,,,,,,
2015-11-20,,2.26,,,,,,
2015-11-23,,2.25,,,,,,
2015-11-24,,2.24,,,,,,
2015-11-25,,2.23,,,,,,
2015-11-26,,,,,,,,
2015-11-27,,2.22,,,,,,
2015-11-30,,2.21,,,,,,
2015-12-01,0.24,2.15,237.761,5.0,,,12368.7,92.6
2015-12-02,,2.18,,,,,,
2015-12-03,,2.33,,,,,,
2015-12-04,,2.28,,,,,,
2015-12-07,,2.23,,,,,,
2015-12-08,,2.24,,,,,,
2015-12-09,,2.22,,,,,,
2015-12-10,,2.24,,,,,,
2015-12-11,,2.13,,,,,,
2015-12-14,,2.23,,,,,,
2015-12-15,,2.28,,,,,,
2015-12-16,,2.3,,,,,,
2015-12-17,,2.24,,,,,,
2015-12-18,,2.19,,,,,,
2015-12-21,,2.2,,,,,,
2015-12-22,,2.24,,,,,,
2015-12-23,,2.27,,,,,,
2015-12-24,,2.25,,,,,,
2015-12-25,,,,,,,,
2015-12-28,,2.24,,,,,,
2015-12-29,,2.32,,,,,,
2015-12-30,,2.31,,,,,,
2015-12-31,,2.27,,,,,,
2016-01-01,0.34,,237.652,4.8,18525.933,12839.618,12506.0,92.0
2016-01-04,,2.24,,,,,,
2016-01-05,,2.25,,,,,,
2016-01-06,,2.18,,,,,,
2016-01-07,,2.16,,,,,,
2016-01-08,,2.13,,,,,,
2016-01-11,,2.17,,,,,,
2016-01-12,,2.12,,,,,,
2016-01-13,,2.08,,,,,,
2016-01-14,,2.1,,,,,,
2016-01-15,,2.03,,,,,,
2016-01-18,,,,,,,,
2016-01-19,,2.06,,,,,,
2016-01-20,,2.01,,,,,,
2016-01-21,,2.02,,,,,,
2016-01-22,,2.07,,,,,,
2016-01-25,,2.03,,,,,,
2016-01-26,,2.01,,,,,,
2016-01-27,,2.02,,,,,,
2016-01-28,,2.0,,,,,,
2016-01-29,,1.94,,,,,,
2016-02-01,0.38,1.97,237.336,4.9,,,12578.2,91.7
2016-02-02,,1.87,,,,,,
2016-02-03,,1.88,,,,,,
2016-02-04,,1.87,,,,,,
2016-02-05,,1.86,,,,,,
2016-02-08,,1.75,,,,,,
2016-02-09,,1.74,,,,,,
2016-02-10,,1.71,,,,,,
2016-02-11,,1.63,,,,,,
2016-02-12,,1.74,,,,,,
2016-02-15,,,,,,,,
2016-02-16,,1.78,,,,,,
2016-02-17,,1.81,,,,,,
2016-02-18,,1.75,,,,,,
2016-02-19,,1.76,,,,,,
2016-02-22,,1.77,,,,,,
2016-02-23,,1.74,,,,,,
2016-02-24,,1.75,,,,,,
2016-02-25,,1.71,,,,,,
2016-02-26,,1.76,,,,,,
2016-02-29,,1.74,,,,,,
2016-03-01,0.36,1.83,238.08,5.0,,,12629.0,91.0
2016-03-02,,1.84,,,,,,
2016-03-03,,1.83,,,,,,
2016-03-04,,1.88,,,,,,
2016-03-07,,1.91,,,,,,
2016-03-08,,1.83,,,,,,
2016-03-09,,1.9,,,,,,
2016-03-10,,1.93,,,,,,
2016-03-11,,1.98,,,,,,
2016-03-14,,1.97,,,,,,
2016-03-15,,1.97,,,,,,
2016-03-16,,1.94,,,,,,
2016-03-17,,1.91,,,,,,
2016-03-18,,1.88,,,,,,
2016-03-21,,1.92,,,,,,
2016-03-22,,1.94,,,,,,
2016-03-23,,1.88,,,,,,
2016-03-24,,1.91,,,,,,
2016-03-25,,,,,,,,
2016-03-28,,1.89,,,,,,
2016-03-29,,1.81,,,,,,
2016-03-30,,1.83,,,,,,
2016-03-31,,1.78,,,,,,
2016-04-01,0.37,1.79,238.992,5.1,18711.702,12903.306,12708.0,89.0
2016-04-04,,1.78,,,,,,
2016-04-05,,1.73,,,,,,
2016-04-06,,1.76,,,,,,
2016-04-07,,1.7,,,,,,
2016-04-08,,1.72,,,,,,
2016-04-11,,1.73,,,,,,
2016-04-12,,1.79,,,,,,
2016-04-13,,1.77,,,,,,
2016-04-14,,1.8,,,,,,
2016-04-15,,1.76,,,,,,
2016-04-18,,1.78,,,,,,
2016-04-19,,1.79,,,,,,
2016-04-20,,1.85,,,,,,
2016-04-21,,1.88,,,,,,
2016-04-22,,1.89,,,,,,
2016-04-25,,1.91,,,,,,
2016-04-26,,1.94,,,,,,
2016-04-27,,1.87,,,,,,
2016-04-28,,1.84,,,,,,
2016-04-29,,1.83,,,,,,
2016-05-01,0.37,,239.557,4.8,,,12775.0,94.7
2016-05-02,,1.88,,,,,,
2016-05-03,,1.81,,,,,,
2016-05-04,,1.79,,,,,,
2016-05-05,,1.76,,,,,,
2016-05-06,,1.79,,,,,,
2016-05-09,,1.77,,,,,,
2016-05-10,,1.77,,,,,,
2016-05-11,,1.73,,,,,,
2016-05-12,,1.75,,,,,,
2016-05-13,,1.71,,,,,,
2016-05-16,,1.75,,,,,,
2016-05-17,,1.76,,,,,,
2016-05-18,,1.87,,,,,,
2016-05-19,,1.85,,,,,,
2016-05-20,,1.85,,,,,,
2016-05-23,,1.84,,,,,,
2016-05-24,,1.86,,,,,,
2016-05-25,,1.87,,,,,,
2016-05-26,,1.83,,,,,,
2016-05-27,,1.85,,,,,,
2016-05-30,,,,,,,,
2016-05-31,,1.84,,,,,,
2016-06-01,0.38,1.85,240.222,4.9,,,12835.4,93.5
2016-06-02,,1.81,,,,,,
2016-06-03,,1.71,,,,,,
2016-06-06,,1.73,,,,,,
2016-06-07,,1.72,,,,,,
2016-06-08,,1.71,,,,,,
2016-06-09,,1.68,,,,,,
2016-06-10,,1.64,,,,,,
2016-06-13,,1.62,,,,,,
2016-06-14,,1.62,,,,,,
2016-06-15,,1.6,,,,,,
2016-06-16,,1.57,,,,,,
2016-06-17,,1.62,,,,,,
2016-06-20,,1.67,,,,,,
2016-06-21,,1.71,,,,,,
2016-06-22,,1.69,,,,,,
2016-06-23,,1.74,,,,,,
2016-06-24,,1.57,,,,,,
2016-06-27,,1.46,,,,,,
2016-06-28,,1.46,,,,,,
2016-06-29,,1.5,,,,,,
2016-06-30,,1.49,,,,,,
2016-07-01,0.39,1.46,240.101,4.8,18892.639,12993.064,12889.7,90.0
2016-07-04,,,,,,,,
2016-07-05,,1.37,,,,,,
2016-07-06,,1.38,,,,,,
2016-07-07,,1.4,,,,,,
2016-07-08,,1.37,,,,,,
2016-07-11,,1.43,,,,,,
2016-07-12,,1.53,,,,,,
2016-07-13,,1.48,,,,,,
2016-07-14,,1.53,,,,,,
2016-07-15,,1.6,,,,,,
2016-07-18,,1.59,,,,,,
2016-07-19,,1.56,,,,,,
2016-07-20,,1.59,,,,,,
2016-07-21,,1.57,,,,,,
2016-07-22,,1.57,,,,,,
2016-07-25,,1.58,,,,,,
2016-07-26,,1.57,,,,,,
2016-07-27,,1.52,,,,,,
2016-07-28,,1.52,,,,,,
2016-07-29,,1.46,,,,,,
2016-08-01,0.4,1.51,240.545,4.9,,,12973.9,89.8
2016-08-02,,1.55,,,,,,
2016-08-03,,1.55,,,,,,
2016-08-04,,1.51,,,,,,
2016-08-05,,1.59,,,,,,
2016-08-08,,1.59,,,,,,
2016-08-09,,1.55,,,,,,
2016-08-10,,1.5,,,,,,
2016-08-11,,1.57,,,,,,
2016-08-12,,1.51,,,,,,
2016-08-15,,1.55,,,,,,
2016-08-16,,1.57,,,,,,
2016-08-17,,1.56,,,,,,
2016-08-18,,1.53,,,,,,
2016-08-19,,1.58,,,,,,
2016-08-22,,1.55,,,,,,
2016-08-23,,1.55,,,,,,
2016-08-24,,1.56,,,,,,
2016-08-25,,1.58,,,,,,
2016-08-26,,1.62,,,,,,
2016-08-29,,1.57,,,,,,
2016-08-30,,1.57,,,,,,
2016-08-31,,1.58,,,,,,
2016-09-01,0.4,1.57,241.176,5.0,,,13034.2,91.2
2016-09-02,,1.6,,,,,,
2016-09-05,,,,,,,,
2016-09-06,,1.55,,,,,,
2016-09-07,,1.54,,,,,,
2016-09-08,,1.61,,,,,,
2016-09-09,,1.67,,,,,,
2016-09-12,,1.68,,,,,,
2016-09-13,,1.73,,,,,,
2016-09-14,,1.7,,,,,,
2016-09-15,,1.71,,,,,,
2016-09-16,,1.7,,,,,,
2016-09-19,,1.7,,,,,,
2016-09-20,,1.69,,,,,,
2016-09-21,,1.66,,,,,,
2016-09-22,,1.63,,,,,,
2016-09-23,,1.62,,,,,,
2016-09-26,,1.59,,,,,,
2016-09-27,,1.56,,,,,,
2016-09-28,,1.57,,,,,,
2016-09-29,,1.56,,,,,,
2016-09-30,,1.6,,,,,,
2016-10-01,0.4,,241.741,4.9,19089.379,13060.061,13107.5,87.2
2016-10-03,,1.63,,,,,,
2016-10-04,,1.69,,,,,,
2016-10-05,,1.72,,,,,,
2016-10-06,,1.75,,,,,,
2016-10-07,,1.73,,,,,,
2016-10-10,,,,,,,,
2016-10-11,,1.77,,,,,,
2016-10-12,,1.79,,,,,,
2016-10-13,,1.75,,,,,,
2016-10-14,,1.8,,,,,,
2016-10-17,,1.77,,,,,,
2016-10-18,,1.75,,,,,,
2016-10-19,,1.76,,,,,,
2016-10-20,,1.76,,,,,,
2016-10-21,,1.74,,,,,,
2016-10-24,,1.77,,,,,,
2016-10-25,,1.77,,,,,,
2016-10-26,,1.79,,,,,,
2016-10-27,,1.85,,,,,,
2016-10-28,,1.86,,,,,,
2016-10-31,,1.84,,,,,,
2016-11-01,0.41,1.83,242.026,4.7,,,13181.0,93.8
2016-11-02,,1.81,,,,,,
2016-11-03,,1.82,,,,,,
2016-11-04,,1.79,,,,,,
2016-11-07,,1.83,,,,,,
2016-11-08,,1.88,,,,,,
2016-11-09,,2.07,,,,,,
2016-11-10,,2.15,,,,,,
2016-11-11,,,,,,,,
2016-11-14,,2.23,,,,,,
2016-11-15,,2.23,,,,,,
2016-11-16,,2.22,,,,,,
2016-11-17,,2.29,,,,,,
2016-11-18,,2.34,,,,,,
2016-11-21,,2.33,,,,,,
2016-11-22,,2.31,,,,,,
2016-11-23,,2.36,,,,,,
2016-11-24,,,,,,,,
2016-11-25,,2.36,,,,,,
2016-11-28,,2.32,,,,,,
2016-11-29,,2.3,,,,,,
2016-11-30,,2.37,,,,,,
2016-12-01,0.54,2.45,242.637,4.7,,,13226.1,98.2
2016-12-02,,2.4,,,,,,
2016-12-05,,2.39,,,,,,
2016-12-06,,2.39,,,,,,
2016-12-07,,2.34,,,,,,
2016-12-08,,2.4,,,,,,
2016-12-09,,2.47,,,,,,
2016-12-12,,2.49,,,,,,
2016-12-13,,2.48,,,,,,
2016-12-14,,2.54,,,,,,
2016-12-15,,2.6,,,,,,
2016-12-16,,2.6,,,,,,
2016-12-19,,2.54,,,,,,
2016-12-20,,2.57,,,,,,
2016-12-21,,2.55,,,,,,
2016-12-22,,2.55,,,,,,
2016-12-23,,2.55,,,,,,
2016-12-26,,,,,,,,
2016-12-27,,2.57,,,,,,
2016-12-28,,2.51,,,,,,
2016-12-29,,2.49,,,,,,
2016-12-30,,2.45,,,,,,
2017-01-01,0.65,,243.618,4.7,19280.084,13160.475,13300.7,98.5
2017-01-02,,,,,,,,
2017-01-03,,2.45,,,,,,
2017-01-04,,2.46,,,,,,
2017-01-05,,2.37,,,,,,
2017-01-06,,2.42,,,,,,
2017-01-09,,2.38,,,,,,
2017-01-10,,2.38,,,,,,
2017-01-11,,2.38,,,,,,
2017-01-12,,2.36,,,,,,
2017-01-13,,2.4,,,,,,
2017-01-16,,,,,,,,
2017-01-17,,2.33,,,,,,
2017-01-18,,2.42,,,,,,
2017-01-19,,2.47,,,,,,
2017-01-20,,2.48,,,,,,
2017-01-23,,2.41,,,,,,
2017-01-24,,2.47,,,,,,
2017-01-25,,2.53,,,,,,
2017-01-26,,2.51,,,,,,
2017-01-27,,2.49,,,,,,
2017-01-30,,2.49,,,,,,
2017-01-31,,2.45,,,,,,
2017-02-01,0.66,2.48,244.006,4.6,,,13367.3,96.3
2017-02-02,,2.48,,,,,,
2017-02-03,,2.49,,,,,,
2017-02-06,,2.42,,,,,,
2017-02-07,,2.4,,,,,,
2017-02-08,,2.34,,,,,,
2017-02-09,,2.4,,,,,,
2017-02-10,,2.41,,,,,,
2017-02-13,,2.43,,,,,,
2017-02-14,,2.47,,,,,,
2017-02-15,,2.51,,,,,,
2017-02-16,,2.45,,,,,,
2017-02-17,,2.42,,,,,,
2017-02-20,,,,,,,,
2017-02-21,,2.43,,,,,,
2017-02-22,,2.42,,,,,,
2017-02-23,,2.38,,,,,,
2017-02-24,,2.31,,,,,,
2017-02-27,,2.36,,,,,,
2017-02-28,,2.36,,,,,,
2017-03-01,0.79,2.46,243.892,4.4,,,13428.7,96.9
2017-03-02,,2.49,,,,,,
2017-03-03,,2.49,,,,,,
2017-03-06,,2.49,,,,,,
2017-03-07,,2.52,,,,,,
2017-03-08,,2.57,,,,,,
2017-03-09,,2.6,,,,,,
2017-03-10,,2.58,,,,,,
2017-03-13,,2.62,,,,,,
2017-03-14,,2.6,,,,,,
2017-03-15,,2.51,,,,,,
2017-03-16,,2.53,,,,,,
2017-03-17,,2.5,,,,,,
2017-03-20,,2.47,,,,,,
2017-03-21,,2.43,,,,,,
2017-03-22,,2.4,,,,,,
2017-03-23,,2.41,,,,,,
2017-03-24,,2.4,,,,,,
2017-03-27,,2.38,,,,,,
2017-03-28,,2.42,,,,,,
2017-03-29,,2.39,,,,,,
2017-03-30,,2.42,,,,,,
2017-03-31,,2.4,,,,,,
2017-04-01,0.9,,244.193,4.4,19438.643,13225.743,13484.7,97.0
2017-04-03,,2.35,,,,,,
2017-04-04,,2.36,,,,,,
2017-04-05,,2.34,,,,,,
2017-04-06,,2.34,,,,,,
2017-04-07,,2.38,,,,,,
2017-04-10,,2.37,,,,,,
2017-04-11,,2.32,,,,,,
2017-04-12,,2.28,,,,,,
2017-04-13,,2.24,,,,,,
2017-04-14,,,,,,,,
2017-04-17,,2.26,,,,,,
2017-04-18,,2.18,,,,,,
2017-04-19,,2.21,,,,,,
2017-04-20,,2.24,,,,,,
2017-04-21,,2.24,,,,,,
2017-04-24,,2.28,,,,,,
2017-04-25,,2.35,,,,,,
2017-04-26,,2.32,,,,,,
2017-04-27,,2.3,,,,,,
2017-04-28,,2.29,,,,,,
2017-05-01,0.91,2.33,244.004,4.4,,,13536.7,97.1
2017-05-02,,2.29,,,,,,
2017-05-03,,2.33,,,,,,
2017-05-04,,2.36,,,,,,
2017-05-05,,2.36,,,,,,
2017-05-08,,2.39,,,,,,
2017-05-09,,2.42,,,,,,
2017-05-10,,2.41,,,,,,
2017-05-11,,2.39,,,,,,
2017-05-12,,2.33,,,,,,
2017-05-15,,2.34,,,,,,
2017-05-16,,2.33,,,,,,
2017-05-17,,2.22,,,,,,
2017-05-18,,2.23,,,,,,
2017-05-19,,2.23,,,,,,
2017-05-22,,2.25,,,,,,
2017-05-23,,2.29,,,,,,
2017-05-24,,2.26,,,,,,
2017-05-25,,2.25,,,,,,
2017-05-26,,2.25,,,,,,
2017-05-29,,,,,,,,
2017-05-30,,2.21,,,,,,
2017-05-31,,2.21,,,,,,
2017-06-01,1.04,2.21,244.163,4.3,,,13558.5,95.0
2017-06-02,,2.15,,,,,,
2017-06-05,,2.18,,,,,,
2017-06-06,,2.14,,,,,,
2017-06-07,,2.18,,,,,,
2017-06-08,,2.19,,,,,,
2017-06-09,,2.21,,,,,,
2017-06-12,,2.21,,,,,,
2017-06-13,,2.21,,,,,,
2017-06-14,,2.15,,,,,,
2017-06-15,,2.16,,,,,,
2017-06-16,,2.16,,,,,,
2017-06-19,,2.19,,,,,,
2017-06-20,,2.16,,,,,,
2017-06-21,,2.16,,,,,,
2017-06-22,,2.15,,,,,,
2017-06-23,,2.15,,,,,,
2017-06-26,,2.14,,,,,,
2017-06-27,,2.21,,,,,,
2017-06-28,,2.22,,,,,,
2017-06-29,,2.27,,,,,,
2017-06-30,,2.31,,,,,,
2017-07-01,1.15,,244.243,4.3,19692.595,13315.382,13615.4,93.4
2017-07-03,,2.35,,,,,,
2017-07-04,,,,,,,,
2017-07-05,,2.33,,,,,,
2017-07-06,,2.37,,,,,,
2017-07-07,,2.39,,,,,,
2017-07-10,,2.38,,,,,,
2017-07-11,,2.37,,,,,,
2017-07-12,,2.33,,,,,,
2017-07-13,,2.35,,,,,,
2017-07-14,,2.33,,,,,,
2017-07-17,,2.31,,,,,,
2017-07-18,,2.27,,,,,,
2017-07-19,,2.27,,,,,,
2017-07-20,,2.27,,,,,,
2017-07-21,,2.24,,,,,,
2017-07-24,,2.26,,,,,,
2017-07-25,,2.33,,,,,,
2017-07-26,,2.29,,,,,,
2017-07-27,,2.32,,,,,,
2017-07-28,,2.3,,,,,,
2017-07-31,,2.3,,,,,,
2017-08-01,1.16,2.26,245.183,4.4,,,13674.6,96.8
2017-08-02,,2.27,,,,,,
2017-08-03,,2.24,,,,,,
2017-08-04,,2.27,,,,,,
2017-08-07,,2.26,,,,,,
2017-08-08,,2.29,,,,,,
2017-08-09,,2.24,,,,,,
2017-08-10,,2.2,,,,,,
2017-08-11,,2.19,,,,,,
2017-08-14,,2.22,,,,,,
2017-08-15,,2.27,,,,,,
2017-08-16,,2.23,,,,,,
2017-08-17,,2.19,,,,,,
2017-08-18,,2.19,,,,,,
2017-08-21,,2.18,,,,,,
2017-08-22,,2.22,,,,,,
2017-08-23,,2.17,,,,,,
2017-08-24,,2.19,,,,,,
2017-08-25,,2.17,,,,,,
2017-08-28,,2.16,,,,,,
2017-08-29,,2.13,,,,,,
2017-08-30,,2.15,,,,,,
2017-08-31,,2.12,,,,,,
2017-09-01,1.15,2.16,246.435,4.3,,,13723.0,95.1
2017-09-04,,,,,,,,
2017-09-05,,2.07,,,,,,
2017-09-06,,2.1,,,,,,
2017-09-07,,2.05,,,,,,
2017-09-08,,2.06,,,,,,
2017-09-11,,2.14,,,,,,
2017-09-12,,2.17,,,,,,
2017-09-13,,2.2,,,,,,
2017-09-14,,2.2,,,,,,
2017-09-15,,2.2,,,,,,
2017-09-18,,2.23,,,,,,
2017-09-19,,2.24,,,,,,
2017-09-20,,2.28,,,,,,
2017-09-21,,2.27,,,,,,
2017-09-22,,2.26,,,,,,
2017-09-25,,2.22,,,,,,
2017-09-26,,2.24,,,,,,
2017-09-27,,2.31,,,,,,
2017-09-28,,2.31,,,,,,
2017-09-29,,2.33,,,,,,
2017-10-01,1.15,,246.626,4.2,20037.088,13460.902,13782.3,100.7
2017-10-02,,2.34,,,,,,
2017-10-03,,2.33,,,,,,
2017-10-04,,2.33,,,,,,
2017-10-05,,2.35,,,,,,
2017-10-06,,2.37,,,,,,
2017-10-09,,,,,,,,
2017-10-10,,2.35,,,,,,
2017-10-11,,2.35,,,,,,
2017-10-12,,2.33,,,,,,
2017-10-13,,2.28,,,,,,
2017-10-16,,2.3,,,,,,
2017-10-17,,2.3,,,,,,
2017-10-18,,2.34,,,,,,
2017-10-19,,2.33,,,,,,
2017-10-20,,2.39,,,,,,
2017-10-23,,2.38,,,,,,
2017-10-24,,2.42,,,,,,
2017-10-25,,2.44,,,,,,
2017-10-26,,2.46,,,,,,
2017-10-27,,2.42,,,,,,
2017-10-30,,2.37,,,,,,
2017-10-31,,2.38,,,,,,
2017-11-01,1.16,2.37,247.284,4.2,,,13814.9,98.5
2017-11-02,,2.35,,,,,,
2017-11-03,,2.34,,,,,,
2017-11-06,,2.32,,,,,,
2017-11-07,,2.32,,,,,,
2017-11-08,,2.32,,,,,,
2017-11-09,,2.33,,,,,,
2017-11-10,,2.4,,,,,,
2017-11-13,,2.4,,,,,,
2017-11-14,,2.38,,,,,,
2017-11-15,,2.33,,,,,,
2017-11-16,,2.37,,,,,,
2017-11-17,,2.35,,,,,,
2017-11-20,,2.37,,,,,,
2017-11-21,,2.36,,,,,,
2017-11-22,,2.32,,,,,,
2017-11-23,,,,,,,,
2017-11-24,,2.34,,,,,,
2017-11-27,,2.32,,,,,,
2017-11-28,,2.34,,,,,,
2017-11-29,,2.37,,,,,,
2017-11-30,,2.42,,,,,,
2017-12-01,1.3,2.37,247.805,4.1,,,13873.8,95.9
2017-12-04,,2.37,,,,,,
2017-12-05,,2.36,,,,,,
2017-12-06,,2.33,,,,,,
2017-12-07,,2.37,,,,,,
2017-12-08,,2.38,,,,,,
2017-12-11,,2.39,,,,,,
2017-12-12,,2.4,,,,,,
2017-12-13,,2.36,,,,,,
2017-12-14,,2.35,,,,,,
2017-12-15,,2.35,,,,,,
2017-12-18,,2.39,,,,,,
2017-12-19,,2.46,,,,,,
2017-12-20,,2.49,,,,,,
2017-12-21,,2.48,,,,,,
2017-12-22,,2.48,,,,,,
2017-12-25,,,,,,,,
2017-12-26,,2.47,,,,,,
2017-12-27,,2.42,,,,,,
2017-12-28,,2.43,,,,,,
2017-12-29,,2.4,,,,,,
2018-01-01,1.41,,248.859,4.0,20328.553,13558.373,13883.2,95.7
2018-01-02,,2.46,,,,,,
2018-01-03,,2.44,,,,,,
2018-01-04,,2.46,,,,,,
2018-01-05,,2.47,,,,,,
2018-01-08,,2.49,,,,,,
2018-01-09,,2.55,,,,,,
2018-01-10,,2.55,,,,,,
2018-01-11,,2.54,,,,,,
2018-01-12,,2.55,,,,,,
2018-01-15,,,,,,,,
2018-01-16,,2.54,,,,,,
2018-01-17,,2.57,,,,,,
2018-01-18,,2.62,,,,,,
2018-01-19,,2.64,,,,,,
2018-01-22,,2.66,,,,,,
2018-01-23,,2.63,,,,,,
2018-01-24,,2.65,,,,,,
2018-01-25,,2.63,,,,,,
2018-01-26,,2.66,,,,,,
2018-01-29,,2.7,,,,,,
2018-01-30,,2.73,,,,,,
2018-01-31,,2.72,,,,,,
2018-02-01,1.42,2.78,249.529,4.1,,,13919.3,99.7
2018-02-02,,2.84,,,,,,
2018-02-05,,2.77,,,,,,
2018-02-06,,2.79,,,,,,
2018-02-07,,2.84,,,,,,
2018-02-08,,2.85,,,,,,
2018-02-09,,2.83,,,,,,
2018-02-12,,2.86,,,,,,
2018-02-13,,2.83,,,,,,
2018-02-14,,2.91,,,,,,
2018-02-15,,2.9,,,,,,
2018-02-16,,2.87,,,,,,
2018-02-19,,,,,,,,
2018-02-20,,2.88,,,,,,
2018-02-21,,2.94,,,,,,
2018-02-22,,2.92,,,,,,
2018-02-23,,2.88,,,,,,
2018-02-26,,2.86,,,,,,
2018-02-27,,2.9,,,,,,
2018-02-28,,2.87,,,,,,
2018-03-01,1.51,2.81,249.577,4.0,,,13976.0,101.4
2018-03-02,,2.86,,,,,,
2018-03-05,,2.88,,,,,,
2018-03-06,,2.88,,,,,,
2018-03-07,,2.89,,,,,,
2018-03-08,,2.86,,,,,,
2018-03-09,,2.9,,,,,,
2018-03-12,,2.87,,,,,,
2018-03-13,,2.84,,,,,,
2018-03-14,,2.81,,,,,,
2018-03-15,,2.82,,,,,,
2018-03-16,,2.85,,,,,,
2018-03-19,,2.85,,,,,,
2018-03-20,,2.89,,,,,,
2018-03-21,,2.89,,,,,,
2018-03-22,,2.83,,,,,,
2018-03-23,,2.82,,,,,,
2018-03-26,,2.85,,,,,,
2018-03-27,,2.78,,,,,,
2018-03-28,,2.77,,,,,,
2018-03-29,,2.74,,,,,,
2018-03-30,,,,,,,,
2018-04-01,1.69,,250.227,4.0,20580.912,13630.967,13993.9,98.8
2018-04-02,,2.73,,,,,,
2018-04-03,,2.79,,,,,,
2018-04-04,,2.79,,,,,,
2018-04-05,,2.83,,,,,,
2018-04-06,,2.77,,,,,,
2018-04-09,,2.78,,,,,,
2018-04-10,,2.8,,,,,,
2018-04-11,,2.79,,,,,,
2018-04-12,,2.83,,,,,,
2018-04-13,,2.82,,,,,,
2018-04-16,,2.83,,,,,,
2018-04-17,,2.82,,,,,,
2018-04-18,,2.87,,,,,,
2018-04-19,,2.92,,,,,,
2018-04-20,,2.96,,,,,,
2018-04-23,,2.98,,,,,,
2018-04-24,,3.0,,,,,,
2018-04-25,,3.03,,,,,,
2018-04-26,,3.0,,,,,,
2018-04-27,,2.96,,,,,,
2018-04-30,,2.95,,,,,,
2018-05-01,1.7,2.97,250.792,3.8,,,14049.6,98.0
2018-05-02,,2.97,,,,,,
2018-05-03,,2.94,,,,,,
2018-05-04,,2.95,,,,,,
2018-05-07,,2.95,,,,,,
2018-05-08,,2.97,,,,,,
2018-05-09,,3.0,,,,,,
2018-05-10,,2.97,,,,,,
2018-05-11,,2.97,,,,,,
2018-05-14,,3.0,,,,,,
2018-05-15,,3.08,,,,,,
2018-05-16,,3.09,,,,,,
2018-05-17,,3.11,,,,,,
2018-05-18,,3.06,,,,,,
2018-05-21,,3.06,,,,,,
2018-05-22,,3.06,,,,,,
2018-05-23,,3.01,,,,,,
2018-05-24,,2.98,,,,,,
2018-05-25,,2.93,,,,,,
2018-05-28,,,,,,,,
2018-05-29,,2.77,,,,,,
2018-05-30,,2.84,,,,,,
2018-05-31,,2.83,,,,,,
2018-06-01,1.82,2.89,251.018,4.0,,,14109.9,98.2
2018-06-04,,2.94,,,,,,
2018-06-05,,2.92,,,,,,
2018-06-06,,2.97,,,,,,
2018-06-07,,2.93,,,,,,
2018-06-08,,2.93,,,,,,
2018-06-11,,2.96,,,,,,
2018-06-12,,2.96,,,,,,
2018-06-13,,2.98,,,,,,
2018-06-14,,2.94,,,,,,
2018-06-15,,2.93,,,,,,
2018-06-18,,2.92,,,,,,
2018-06-19,,2.89,,,,,,
2018-06-20,,2.93,,,,,,
2018-06-21,,2.9,,,,,,
2018-06-22,,2.9,,,,,,
2018-06-25,,2.87,,,,,,
2018-06-26,,2.88,,,,,,
2018-06-27,,2.83,,,,,,
2018-06-28,,2.84,,,,,,
2018-06-29,,2.85,,,,,,
2018-07-01,1.91,,251.214,3.8,20798.73,13693.79,14144.2,97.9
2018-07-02,,2.87,,,,,,
2018-07-03,,2.83,,,,,,
2018-07-04,,,,,,,,
2018-07-05,,2.84,,,,,,
2018-07-06,,2.82,,,,,,
2018-07-09,,2.86,,,,,,
2018-07-10,,2.87,,,,,,
2018-07-11,,2.85,,,,,,
2018-07-12,,2.85,,,,,,
2018-07-13,,2.83,,,,,,
2018-07-16,,2.85,,,,,,
2018-07-17,,2.86,,,,,,
2018-07-18,,2.88,,,,,,
2018-07-19,,2.84,,,,,,
2018-07-20,,2.89,,,,,,
2018-07-23,,2.96,,,,,,
2018-07-24,,2.95,,,,,,
2018-07-25,,2.94,,,,,,
2018-07-26,,2.98,,,,,,
2018-07-27,,2.96,,,,,,
2018-07-30,,2.98,,,,,,
2018-07-31,,2.96,,,,,,
2018-08-01,1.91,3.0,251.663,3.8,,,14193.9,96.2
2018-08-02,,2.98,,,,,,
2018-08-03,,2.95,,,,,,
2018-08-06,,2.94,,,,,,
2018-08-07,,2.98,,,,,,
2018-08-08,,2.96,,,,,,
2018-08-09,,2.93,,,,,,
2018-08-10,,2.87,,,,,,
2018-08-13,,2.88,,,,,,
2018-08-14,,2.89,,,,,,
2018-08-15,,2.86,,,,,,
2018-08-16,,2.87,,,,,,
2018-08-17,,2.87,,,,,,
2018-08-20,,2.82,,,,,,
2018-08-21,,2.85,,,,,,
2018-08-22,,2.82,,,,,,
2018-08-23,,2.82,,,,,,
2018-08-24,,2.82,,,,,,
2018-08-27,,2.85,,,,,,
2018-08-28,,2.88,,,,,,
2018-08-29,,2.89,,,,,,
2018-08-30,,2.86,,,,,,
2018-08-31,,2.86,,,,,,
2018-09-01,1.95,,252.182,3.7,,,14229.3,100.1
2018-09-03,,,,,,,,
2018-09-04,,2.9,,,,,,
2018-09-05,,2.9,,,,,,
2018-09-06,,2.88,,,,,,
2018-09-07,,2.94,,,,,,
2018-09-10,,2.94,,,,,,
2018-09-11,,2.98,,,,,,
2018-09-12,,2.97,,,,,,
2018-09-13,,2.97,,,,,,
2018-09-14,,2.99,,,,,,
2018-09-17,,2.99,,,,,,
2018-09-18,,3.05,,,,,,
2018-09-19,,3.08,,,,,,
2018-09-20,,3.07,,,,,,
2018-09-21,,3.07,,,,,,
2018-09-24,,3.08,,,,,,
2018-09-25,,3.1,,,,,,
2018-09-26,,3.06,,,,,,
2018-09-27,,3.06,,,,,,
2018-09-28,,3.05,,,,,,
2018-10-01,2.19,3.09,252.772,3.8,20917.867,13736.572,14241.4,98.6
2018-10-02,,3.05,,,,,,
2018-10-03,,3.15,,,,,,
2018-10-04,,3.19,,,,,,
2018-10-05,,3.23,,,,,,
2018-10-08,,,,,,,,
2018-10-09,,3.21,,,,,,
2018-10-10,,3.22,,,,,,
2018-10-11,,3.14,,,,,,
2018-10-12,,3.15,,,,,,
2018-10-15,,3.16,,,,,,
2018-10-16,,3.16,,,,,,
2018-10-17,,3.19,,,,,,
2018-10-18,,3.17,,,,,,
2018-10-19,,3.2,,,,,,
2018-10-22,,3.2,,,,,,
2018-10-23,,3.17,,,,,,
2018-10-24,,3.1,,,,,,
2018-10-25,,3.14,,,,,,
2018-10-26,,3.08,,,,,,
2018-10-29,,3.08,,,,,,
2018-10-30,,3.12,,,,,,
2018-10-31,,3.15,,,,,,
2018-11-01,2.2,3.14,252.594,3.8,,,14260.8,97.5
2018-11-02,,3.22,,,,,,
2018-11-05,,3.2,,,,,,
2018-11-06,,3.22,,,,,,
2018-11-07,,3.22,,,,,,
2018-11-08,,3.24,,,,,,
2018-11-09,,3.19,,,,,,
2018-11-12,,,,,,,,
2018-11-13,,3.14,,,,,,
2018-11-14,,3.12,,,,,,
2018-11-15,,3.11,,,,,,
2018-11-16,,3.08,,,,,,
2018-11-19,,3.06,,,,,,
2018-11-20,,3.06,,,,,,
2018-11-21,,3.06,,,,,,
2018-11-22,,,,,,,,
2018-11-23,,3.05,,,,,,
2018-11-26,,3.07,,,,,,
2018-11-27,,3.06,,,,,,
2018-11-28,,3.06,,,,,,
2018-11-29,,3.03,,,,,,
2018-11-30,,3.01,,,,,,
2018-12-01,2.27,,252.767,3.9,,,14382.6,98.3
2018-12-03,,2.98,,,,,,
2018-12-04,,2.91,,,,,,
2018-12-05,,,,,,,,
2018-12-06,,2.87,,,,,,
2018-12-07,,2.85,,,,,,
2018-12-10,,2.85,,,,,,
2018-12-11,,2.89,,,,,,
2018-12-12,,2.91,,,,,,
2018-12-13,,2.91,,,,,,
2018-12-14,,2.89,,,,,,
2018-12-17,,2.86,,,,,,
2018-12-18,,2.82,,,,,,
2018-12-19,,2.77,,,,,,
2018-12-20,,2.79,,,,,,
2018-12-21,,2.79,,,,,,
2018-12-24,,2.74,,,,,,
2018-12-25,,,,,,,,
2018-12-26,,2.81,,,,,,
2018-12-27,,2.77,,,,,,
2018-12-28,,2.72,,,,,,
2018-12-31,,2.69,,,,,,
2019-01-01,2.4,,252.561,4.0,21111.6,13758.331,14446.1,91.2
2019-01-02,,2.66,,,,,,
2019-01-03,,2.56,,,,,,
2019-01-04,,2.67,,,,,,
2019-01-07,,2.7,,,,,,
2019-01-08,,2.73,,,,,,
2019-01-09,,2.74,,,,,,
2019-01-10,,2.74,,,,,,
2019-01-11,,2.71,,,,,,
2019-01-14,,2.71,,,,,,
2019-01-15,,2.72,,,,,,
2019-01-16,,2.73,,,,,,
2019-01-17,,2.75,,,,,,
2019-01-18,,2.79,,,,,,
2019-01-21,,,,,,,,
2019-01-22,,2.74,,,,,,
2019-01-23,,2.76,,,,,,
2019-01-24,,2.72,,,,,,
2019-01-25,,2.76,,,,,,
2019-01-28,,2.75,,,,,,
2019-01-29,,2.72,,,,,,
2019-01-30,,2.7,,,,,,
2019-01-31,,2.63,,,,,,
2019-02-01,2.4,2.7,253.319,3.8,,,14481.2,93.8
2019-02-04,,2.73,,,,,,
2019-02-05,,2.71,,,,,,
2019-02-06,,2.7,,,,,,
2019-02-07,,2.65,,,,,,
2019-02-08,,2.63,,,,,,
2019-02-11,,2.65,,,,,,
2019-02-12,,2.68,,,,,,
2019-02-13,,2.71,,,,,,
2019-02-14,,2.66,,,,,,
2019-02-15,,2.66,,,,,,
2019-02-18,,,,,,,,
2019-02-19,,2.65,,,,,,
2019-02-20,,2.65,,,,,,
2019-02-21,,2.69,,,,,,
2019-02-22,,2.65,,,,,,
2019-02-25,,2.67,,,,,,
2019-02-26,,2.64,,,,,,
2019-02-27,,2.69,,,,,,
2019-02-28,,2.73,,,,,,
2019-03-01,2.41,2.76,254.277,3.8,,,14526.2,98.4
2019-03-04,,2.72,,,,,,
2019-03-05,,2.72,,,,,,
2019-03-06,,2.69,,,,,,
2019-03-07,,2.64,,,,,,
2019-03-08,,2.62,,,,,,
2019-03-11,,2.64,,,,,,
2019-03-12,,2.61,,,,,,
2019-03-13,,2.61,,,,,,
2019-03-14,,2.63,,,,,,
2019-03-15,,2.59,,,,,,
2019-03-18,,2.6,,,,,,
2019-03-19,,2.61,,,,,,
2019-03-20,,2.54,,,,,,
2019-03-21,,2.54,,,,,,
2019-03-22,,2.44,,,,,,
2019-03-25,,2.43,,,,,,
2019-03-26,,2.41,,,,,,
2019-03-27,,2.39,,,,,,
2019-03-28,,2.39,,,,,,
2019-03-29,,2.41,,,,,,
2019-04-01,2.42,2.49,255.233,3.7,21397.938,13875.705,14554.5,97.2
2019-04-02,,2.48,,,,,,
2019-04-03,,2.52,,,,,,
2019-04-04,,2.51,,,,,,
2019-04-05,,2.5,,,,,,
2019-04-08,,2.52,,,,,,
2019-04-09,,2.51,,,,,,
2019-04-10,,2.48,,,,,,
2019-04-11,,2.51,,,,,,
2019-04-12,,2.56,,,,,,
2019-04-15,,2.55,,,,,,
2019-04-16,,2.6,,,,,,
2019-04-17,,2.59,,,,,,
2019-04-18,,2.57,,,,,,
2019-04-19,,,,,,,,
2019-04-22,,2.59,,,,,,
2019-04-23,,2.57,,,,,,
2019-04-24,,2.53,,,,,,
2019-04-25,,2.54,,,,,,
2019-04-26,,2.51,,,,,,
2019-04-29,,2.54,,,,,,
2019-04-30,,2.51,,,,,,
2019-05-01,2.39,2.52,255.296,3.6,,,14652.4,100.0
2019-05-02,,2.55,,,,,,
2019-05-03,,2.54,,,,,,
2019-05-06,,2.51,,,,,,
2019-05-07,,2.45,,,,,,
2019-05-08,,2.49,,,,,,
2019-05-09,,2.45,,,,,,
2019-05-10,,2.47,,,,,,
2019-05-13,,2.4,,,,,,
2019-05-14,,2.42,,,,,,
2019-05-15,,2.37,,,,,,
2019-05-16,,2.4,,,,,,
2019-05-17,,2.39,,,,,,
2019-05-20,,2.41,,,,,,
2019-05-21,,2.43,,,,,,
2019-05-22,,2.39,,,,,,
2019-05-23,,2.31,,,,,,
2019-05-24,,2.32,,,,,,
2019-05-27,,,,,,,,
2019-05-28,,2.26,,,,,,
2019-05-29,,2.25,,,,,,
2019-05-30,,2.22,,,,,,
2019-05-31,,2.14,,,,,,
2019-06-01,2.38,,255.213,3.6,,,14771.4,98.2
2019-06-03,,2.07,,,,,,
2019-06-04,,2.12,,,,,,
2019-06-05,,2.12,,,,,,
2019-06-06,,2.12,,,,,,
2019-06-07,,2.09,,,,,,
2019-06-10,,2.15,,,,,,
2019-06-11,,2.15,,,,,,
2019-06-12,,2.13,,,,,,
2019-06-13,,2.1,,,,,,
2019-06-14,,2.09,,,,,,
2019-06-17,,2.09,,,,,,
2019-06-18,,2.06,,,,,,
2019-06-19,,2.03,,,,,,
2019-06-20,,2.01,,,,,,
2019-06-21,,2.07,,,,,,
2019-06-24,,2.02,,,,,,
2019-06-25,,2.0,,,,,,
2019-06-26,,2.05,,,,,,
2019-06-27,,2.01,,,,,,
2019-06-28,,2.0,,,,,,
2019-07-01,2.4,2.03,255.802,3.7,21717.171,14033.222,14853.5,98.4
2019-07-02,,1.98,,,,,,
2019-07-03,,1.96,,,,,,
2019-07-04,,,,,,,,
2019-07-05,,2.04,,,,,,
2019-07-08,,2.05,,,,,,
2019-07-09,,2.07,,,,,,
2019-07-10,,2.07,,,,,,
2019-07-11,,2.13,,,,,,
2019-07-12,,2.12,,,,,,
2019-07-15,,2.09,,,,,,
2019-07-16,,2.13,,,,,,
2019-07-17,,2.06,,,,,,
2019-07-18,,2.04,,,,,,
2019-07-19,,2.05,,,,,,
2019-07-22,,2.05,,,,,,
2019-07-23,,2.08,,,,,,
2019-07-24,,2.05,,,,,,
2019-07-25,,2.08,,,,,,
2019-07-26,,2.08,,,,,,
2019-07-29,,2.06,,,,,,
2019-07-30,,2.06,,,,,,
2019-07-31,,2.02,,,,,,
2019-08-01,2.13,1.9,256.036,3.6,,,14934.7,89.8
2019-08-02,,1.86,,,,,,
2019-08-05,,1.75,,,,,,
2019-08-06,,1.73,,,,,,
2019-08-07,,1.71,,,,,,
2019-08-08,,1.72,,,,,,
2019-08-09,,1.74,,,,,,
2019-08-12,,1.65,,,,,,
2019-08-13,,1.68,,,,,,
2019-08-14,,1.59,,,,,,
2019-08-15,,1.52,,,,,,
2019-08-16,,1.55,,,,,,
2019-08-19,,1.6,,,,,,
2019-08-20,,1.55,,,,,,
2019-08-21,,1.59,,,,,,
2019-08-22,,1.62,,,,,,
2019-08-23,,1.52,,,,,,
2019-08-26,,1.54,,,,,,
2019-08-27,,1.49,,,,,,
2019-08-28,,1.47,,,,,,
2019-08-29,,1.5,,,,,,
2019-08-30,,1.5,,,,,,
2019-09-01,2.04,,256.43,3.5,,,15031.4,93.2
2019-09-02,,,,,,,,
2019-09-03,,1.47,,,,,,
2019-09-04,,1.47,,,,,,
2019-09-05,,1.57,,,,,,
2019-09-06,,1.55,,,,,,
2019-09-09,,1.63,,,,,,
2019-09-10,,1.72,,,,,,
2019-09-11,,1.75,,,,,,
2019-09-12,,1.79,,,,,,
2019-09-13,,1.9,,,,,,
2019-09-16,,1.84,,,,,,
2019-09-17,,1.81,,,,,,
2019-09-18,,1.8,,,,,,
2019-09-19,,1.79,,,,,,
2019-09-20,,1.74,,,,,,
2019-09-23,,1.72,,,,,,
2019-09-24,,1.64,,,,,,
2019-09-25,,1.73,,,,,,
2019-09-26,,1.7,,,,,,
2019-09-27,,1.69,,,,,,
2019-09-30,,1.68,,,,,,
2019-10-01,1.83,1.65,257.155,3.6,21933.217,14125.274,15167.3,95.5
2019-10-02,,1.6,,,,,,
2019-10-03,,1.54,,,,,,
2019-10-04,,1.52,,,,,,
2019-10-07,,1.56,,,,,,
2019-10-08,,1.54,,,,,,
2019-10-09,,1.59,,,,,,
2019-10-10,,1.67,,,,,,
2019-10-11,,1.76,,,,,,
2019-10-14,,,,,,,,
2019-10-15,,1.77,,,,,,
2019-10-16,,1.75,,,,,,
2019-10-17,,1.76,,,,,,
2019-10-18,,1.76,,,,,,
2019-10-21,,1.8,,,,,,
2019-10-22,,1.78,,,,,,
2019-10-23,,1.77,,,,,,
2019-10-24,,1.77,,,,,,
2019-10-25,,1.8,,,,,,
2019-10-28,,1.85,,,,,,
2019-10-29,,1.84,,,,,,
2019-10-30,,1.78,,,,,,
2019-10-31,,1.69,,,,,,
2019-11-01,1.55,1.73,257.879,3.6,,,15276.9,96.8
2019-11-04,,1.79,,,,,,
2019-11-05,,1.86,,,,,,
2019-11-06,,1.81,,,,,,
2019-11-07,,1.92,,,,,,
2019-11-08,,1.94,,,,,,
2019-11-11,,,,,,,,
2019-11-12,,1.92,,,,,,
2019-11-13,,1.88,,,,,,
2019-11-14,,1.82,,,,,,
2019-11-15,,1.84,,,,,,
2019-11-18,,1.81,,,,,,
2019-11-19,,1.79,,,,,,
2019-11-20,,1.73,,,,,,
2019-11-21,,1.77,,,,,,
2019-11-22,,1.77,,,,,,
2019-11-25,,1.76,,,,,,
2019-11-26,,1.74,,,,,,
2019-11-27,,1.77,,,,,,
2019-11-28,,,,,,,,
2019-11-29,,1.78,,,,,,
2019-12-01,1.55,,258.63,3.6,,,15348.0,99.3
2019-12-02,,1.83,,,,,,
2019-12-03,,1.72,,,,,,
2019-12-04,,1.77,,,,,,
2019-12-05,,1.8,,,,,,
2019-12-06,,1.84,,,,,,
2019-12-09,,1.83,,,,,,
2019-12-10,,1.85,,,,,,
2019-12-11,,1.79,,,,,,
2019-12-12,,1.9,,,,,,
2019-12-13,,1.82,,,,,,
2019-12-16,,1.89,,,,,,
2019-12-17,,1.89,,,,,,
2019-12-18,,1.92,,,,,,
2019-12-19,,1.92,,,,,,
2019-12-20,,1.92,,,,,,
2019-12-23,,1.93,,,,,,
2019-12-24,,1.9,,,,,,
2019-12-25,,,,,,,,
2019-12-26,,1.9,,,,,,
2019-12-27,,1.88,,,,,,
2019-12-30,,1.9,,,,,,
2019-12-31,,1.92,,,,,,
2020-01-01,1.55,,259.127,3.6,21727.657,13885.947,15416.8,99.8
2020-01-02,,1.88,,,,,,
2020-01-03,,1.8,,,,,,
2020-01-06,,1.81,,,,,,
2020-01-07,,1.83,,,,,,
2020-01-08,,1.87,,,,,,
2020-01-09,,1.85,,,,,,
2020-01-10,,1.83,,,,,,
2020-01-13,,1.85,,,,,,
2020-01-14,,1.82,,,,,,
2020-01-15,,1.79,,,,,,
2020-01-16,,1.81,,,,,,
2020-01-17,,1.84,,,,,,
2020-01-20,,,,,,,,
2020-01-21,,1.78,,,,,,
2020-01-22,,1.77,,,,,,
2020-01-23,,1.74,,,,,,
2020-01-24,,1.7,,,,,,
2020-01-27,,1.61,,,,,,
2020-01-28,,1.65,,,,,,
2020-01-29,,1.6,,,,,,
2020-01-30,,1.57,,,,,,
2020-01-31,,1.51,,,,,,
2020-02-01,1.58,,259.25,3.5,,,15467.0,101.0
2020-02-03,,1.54,,,,,,
2020-02-04,,1.61,,,,,,
2020-02-05,,1.66,,,,,,
2020-02-06,,1.65,,,,,,
2020-02-07,,1.59,,,,,,
2020-02-10,,1.56,,,,,,
2020-02-11,,1.59,,,,,,
2020-02-12,,1.62,,,,,,
2020-02-13,,1.61,,,,,,
2020-02-14,,1.59,,,,,,
2020-02-17,,,,,,,,
2020-02-18,,1.55,,,,,,
2020-02-19,,1.56,,,,,,
2020-02-20,,1.52,,,,,,
2020-02-21,,1.46,,,,,,
2020-02-24,,1.38,,,,,,
2020-02-25,,1.33,,,,,,
2020-02-26,,1.33,,,,,,
2020-02-27,,1.3,,,,,,
2020-02-28,,1.13,,,,,,
2020-03-01,0.65,,258.076,4.4,,,15993.8,89.1
2020-03-02,,1.1,,,,,,
2020-03-03,,1.02,,,,,,
2020-03-04,,1.02,,,,,,
2020-03-05,,0.92,,,,,,
2020-03-06,,0.74,,,,,,
2020-03-09,,0.54,,,,,,
2020-03-10,,0.76,,,,,,
2020-03-11,,0.82,,,,,,
2020-03-12,,0.88,,,,,,
2020-03-13,,0.94,,,,,,
2020-03-16,,0.73,,,,,,
2020-03-17,,1.02,,,,,,
2020-03-18,,1.18,,,,,,
2020-03-19,,1.12,,,,,,
2020-03-20,,0.92,,,,,,
2020-03-23,,0.76,,,,,,
2020-03-24,,0.84,,,,,,
2020-03-25,,0.88,,,,,,
2020-03-26,,0.83,,,,,,
2020-03-27,,0.72,,,,,,
2020-03-30,,0.7,,,,,,
2020-03-31,,0.7,,,,,,
2020-04-01,0.05,0.62,256.032,14.8,19935.444,12671.879,17005.8,71.8
2020-04-02,,0.63,,,,,,
2020-04-03,,0.62,,,,,,
2020-04-06,,0.67,,,,,,
2020-04-07,,0.75,,,,,,
2020-04-08,,0.77,,,,,,
2020-04-09,,0.73,,,,,,
2020-04-10,,,,,,,,
2020-04-13,,0.76,,,,,,
2020-04-14,,0.76,,,,,,
2020-04-15,,0.63,,,,,,
2020-04-16,,0.61,,,,,,
2020-04-17,,0.65,,,,,,
2020-04-20,,0.63,,,,,,
2020-04-21,,0.58,,,,,,
2020-04-22,,0.63,,,,,,
2020-04-23,,0.61,,,,,,
2020-04-24,,0.6,,,,,,
2020-04-27,,0.67,,,,,,
2020-04-28,,0.62,,,,,,
2020-04-29,,0.63,,,,,,
2020-04-30,,0.64,,,,,,
2020-05-01,0.05,0.64,255.802,13.2,,,17853.4,72.3
2020-05-04,,0.64,,,,,,
2020-05-05,,0.66,,,,,,
2020-05-06,,0.72,,,,,,
2020-05-07,,0.63,,,,,,
2020-05-08,,0.69,,,,,,
2020-05-11,,0.73,,,,,,
2020-05-12,,0.69,,,,,,
2020-05-13,,0.64,,,,,,
2020-05-14,,0.63,,,,,,
2020-05-15,,0.64,,,,,,
2020-05-18,,0.73,,,,,,
2020-05-19,,0.7,,,,,,
2020-05-20,,0.68,,,,,,
2020-05-21,,0.68,,,,,,
2020-05-22,,0.66,,,,,,
2020-05-25,,,,,,,,
2020-05-26,,0.69,,,,,,
2020-05-27,,0.68,,,,,,
2020-05-28,,0.7,,,,,,
2020-05-29,,0.65,,,,,,
2020-06-01,0.08,0.66,257.042,11.0,,,18141.1,78.1
2020-06-02,,0.68,,,,,,
2020-06-03,,0.77,,,,,,
2020-06-04,,0.82,,,,,,
2020-06-05,,0.91,,,,,,
2020-06-08,,0.88,,,,,,
2020-06-09,,0.84,,,,,,
2020-06-10,,0.75,,,,,,
2020-06-11,,0.66,,,,,,
2020-06-12,,0.71,,,,,,
2020-06-15,,0.71,,,,,,
2020-06-16,,0.75,,,,,,
2020-06-17,,0.74,,,,,,
2020-06-18,,0.71,,,,,,
2020-06-19,,0.7,,,,,,
2020-06-22,,0.71,,,,,,
2020-06-23,,0.72,,,,,,
2020-06-24,,0.69,,,,,,
2020-06-25,,0.68,,,,,,
2020-06-26,,0.64,,,,,,
2020-06-29,,0.64,,,,,,
2020-06-30,,0.66,,,,,,
2020-07-01,0.09,0.69,258.352,10.2,21684.551,13813.007,18298.0,72.5
2020-07-02,,0.68,,,,,,
2020-07-03,,,,,,,,
2020-07-06,,0.69,,,,,,
2020-07-07,,0.65,,,,,,
2020-07-08,,0.67,,,,,,
2020-07-09,,0.62,,,,,,
2020-07-10,,0.65,,,,,,
2020-07-13,,0.64,,,,,,
2020-07-14,,0.63,,,,,,
2020-07-15,,0.64,,,,,,
2020-07-16,,0.62,,,,,,
2020-07-17,,0.64,,,,,,
2020-07-20,,0.62,,,,,,
2020-07-21,,0.61,,,,,,
2020-07-22,,0.6,,,,,,
2020-07-23,,0.59,,,,,,
2020-07-24,,0.59,,,,,,
2020-07-27,,0.62,,,,,,
2020-07-28,,0.59,,,,,,
2020-07-29,,0.58,,,,,,
2020-07-30,,0.55,,,,,,
2020-07-31,,0.55,,,,,,
2020-08-01,0.1,,259.316,8.4,,,18364.3,74.1
2020-08-03,,0.56,,,,,,
2020-08-04,,0.52,,,,,,
2020-08-05,,0.55,,,,,,
2020-08-06,,0.55,,,,,,
2020-08-07,,0.57,,,,,,
2020-08-10,,0.59,,,,,,
2020-08-11,,0.64,,,,,,
2020-08-12,,0.69,,,,,,
2020-08-13,,0.71,,,,,,
2020-08-14,,0.71,,,,,,
2020-08-17,,0.69,,,,,,
2020-08-18,,0.67,,,,,,
2020-08-19,,0.68,,,,,,
2020-08-20,,0.65,,,,,,
2020-08-21,,0.64,,,,,,
2020-08-24,,0.65,,,,,,
2020-08-25,,0.69,,,,,,
2020-08-26,,0.69,,,,,,
2020-08-27,,0.74,,,,,,
2020-08-28,,0.74,,,,,,
2020-08-31,,0.72,,,,,,
2020-09-01,0.09,0.68,259.997,7.8,,,18596.6,80.4
2020-09-02,,0.66,,,,,,
2020-09-03,,0.63,,,,,,
2020-09-04,,0.72,,,,,,
2020-09-07,,,,,,,,
2020-09-08,,0.69,,,,,,
2020-09-09,,0.71,,,,,,
2020-09-10,,0.68,,,,,,
2020-09-11,,0.67,,,,,,
2020-09-14,,0.68,,,,,,
2020-09-15,,0.68,,,,,,
2020-09-16,,0.69,,,,,,
2020-09-17,,0.69,,,,,,
2020-09-18,,0.7,,,,,,
2020-09-21,,0.68,,,,,,
2020-09-22,,0.68,,,,,,
2020-09-23,,0.68,,,,,,
2020-09-24,,0.67,,,,,,
2020-09-25,,0.66,,,,,,
2020-09-28,,0.67,,,,,,
2020-09-29,,0.66,,,,,,
2020-09-30,,0.69,,,,,,
2020-10-01,0.09,0.68,260.319,6.9,22068.767,14008.054,18751.3,81.8
2020-10-02,,0.7,,,,,,
2020-10-05,,0.78,,,,,,
2020-10-06,,0.76,,,,,,
2020-10-07,,0.81,,,,,,
2020-10-08,,0.78,,,,,,
2020-10-09,,0.79,,,,,,
2020-10-12,,,,,,,,
2020-10-13,,0.74,,,,,,
2020-10-14,,0.73,,,,,,
2020-10-15,,0.74,,,,,,
2020-10-16,,0.76,,,,,,
2020-10-19,,0.78,,,,,,
2020-10-20,,0.81,,,,,,
2020-10-21,,0.83,,,,,,
2020-10-22,,0.87,,,,,,
2020-10-23,,0.85,,,,,,
2020-10-26,,0.81,,,,,,
2020-10-27,,0.79,,,,,,
2020-10-28,,0.79,,,,,,
2020-10-29,,0.85,,,,,,
2020-10-30,,0.88,,,,,,
2020-11-01,0.09,,260.911,6.7,,,18979.1,76.9
2020-11-02,,0.87,,,,,,
2020-11-03,,0.9,,,,,,
2020-11-04,,0.78,,,,,,
2020-11-05,,0.79,,,,,,
2020-11-06,,0.83,,,,,,
2020-11-09,,0.96,,,,,,
2020-11-10,,0.98,,,,,,
2020-11-11,,,,,,,,
2020-11-12,,0.88,,,,,,
2020-11-13,,0.89,,,,,,
2020-11-16,,0.91,,,,,,
2020-11-17,,0.87,,,,,,
2020-11-18,,0.88,,,,,,
2020-11-19,,0.86,,,,,,
2020-11-20,,0.83,,,,,,
2020-11-23,,0.86,,,,,,
2020-11-24,,0.88,,,,,,
2020-11-25,,0.88,,,,,,
2020-11-26,,,,,,,,
2020-11-27,,0.84,,,,,,
2020-11-30,,0.84,,,,,,
2020-12-01,0.09,0.92,262.045,6.7,,,19133.2,80.7
2020-12-02,,0.95,,,,,,
2020-12-03,,0.92,,,,,,
2020-12-04,,0.97,,,,,,
2020-12-07,,0.94,,,,,,
2020-12-08,,0.92,,,,,,
2020-12-09,,0.95,,,,,,
2020-12-10,,0.92,,,,,,
2020-12-11,,0.9,,,,,,
2020-12-14,,0.9,,,,,,
2020-12-15,,0.92,,,,,,
2020-12-16,,0.92,,,,,,
2020-12-17,,0.94,,,,,,
2020-12-18,,0.95,,,,,,
2020-12-21,,0.95,,,,,,
2020-12-22,,0.93,,,,,,
2020-12-23,,0.96,,,,,,
2020-12-24,,0.94,,,,,,
2020-12-25,,,,,,,,
2020-12-28,,0.94,,,,,,
2020-12-29,,0.94,,,,,,
2020-12-30,,0.93,,,,,,
2020-12-31,,0.93,,,,,,
2021-01-01,0.09,,262.639,6.4,22656.793,14328.593,19359.7,79.0
2021-01-04,,0.93,,,,,,
2021-01-05,,0.96,,,,,,
2021-01-06,,1.04,,,,,,
2021-01-07,,1.08,,,,,,
2021-01-08,,1.13,,,,,,
2021-01-11,,1.15,,,,,,
2021-01-12,,1.15,,,,,,
2021-01-13,,1.1,,,,,,
2021-01-14,,1.15,,,,,,
2021-01-15,,1.11,,,,,,
2021-01-18,,,,,,,,
2021-01-19,,1.1,,,,,,
2021-01-20,,1.1,,,,,,
2021-01-21,,1.12,,,,,,
2021-01-22,,1.1,,,,,,
2021-01-25,,1.05,,,,,,
2021-01-26,,1.05,,,,,,
2021-01-27,,1.04,,,,,,
2021-01-28,,1.07,,,,,,
2021-01-29,,1.11,,,,,,
2021-02-01,0.08,1.09,263.573,6.2,,,19596.7,76.8
2021-02-02,,1.12,,,,,,
2021-02-03,,1.15,,,,,,
2021-02-04,,1.15,,,,,,
2021-02-05,,1.19,,,,,,
2021-02-08,,1.19,,,,,,
2021-02-09,,1.18,,,,,,
2021-02-10,,1.15,,,,,,
2021-02-11,,1.16,,,,,,
2021-02-12,,1.2,,,,,,
2021-02-15,,,,,,,,
2021-02-16,,1.3,,,,,,
2021-02-17,,1.29,,,,,,
2021-02-18,,1.29,,,,,,
2021-02-19,,1.34,,,,,,
2021-02-22,,1.37,,,,,,
2021-02-23,,1.37,,,,,,
2021-02-24,,1.38,,,,,,
2021-02-25,,1.54,,,,,,
2021-02-26,,1.44,,,,,,
2021-03-01,0.07,1.45,264.847,6.1,,,19823.4,84.9
2021-03-02,,1.42,,,,,,
2021-03-03,,1.47,,,,,,
2021-03-04,,1.54,,,,,,
2021-03-05,,1.56,,,,,,
2021-03-08,,1.59,,,,,,
2021-03-09,,1.55,,,,,,
2021-03-10,,1.53,,,,,,
2021-03-11,,1.54,,,,,,
2021-03-12,,1.64,,,,,,
2021-03-15,,1.62,,,,,,
2021-03-16,,1.62,,,,,,
2021-03-17,,1.63,,,,,,
2021-03-18,,1.71,,,,,,
2021-03-19,,1.74,,,,,,
2021-03-22,,1.69,,,,,,
2021-03-23,,1.63,,,,,,
2021-03-24,,1.62,,,,,,
2021-03-25,,1.63,,,,,,
2021-03-26,,1.67,,,,,,
2021-03-29,,1.73,,,,,,
2021-03-30,,1.73,,,,,,
2021-03-31,,1.74,,,,,,
2021-04-01,0.07,1.69,266.625,6.1,23368.861,14809.081,20161.8,88.3
2021-04-02,,1.72,,,,,,
2021-04-05,,1.73,,,,,,
2021-04-06,,1.67,,,,,,
2021-04-07,,1.68,,,,,,
2021-04-08,,1.64,,,,,,
2021-04-09,,1.67,,,,,,
2021-04-12,,1.69,,,,,,
2021-04-13,,1.64,,,,,,
2021-04-14,,1.64,,,,,,
2021-04-15,,1.56,,,,,,
2021-04-16,,1.59,,,,,,
2021-04-19,,1.61,,,,,,
2021-04-20,,1.58,,,,,,
2021-04-21,,1.57,,,,,,
2021-04-22,,1.57,,,,,,
2021-04-23,,1.58,,,,,,
2021-04-26,,1.58,,,,,,
2021-04-27,,1.63,,,,,,
2021-04-28,,1.63,,,,,,
2021-04-29,,1.65,,,,,,
2021-04-30,,1.65,,,,,,
2021-05-01,0.06,,268.404,5.8,,,20430.6,82.9
2021-05-03,,1.63,,,,,,
2021-05-04,,1.61,,,,,,
2021-05-05,,1.59,,,,,,
2021-05-06,,1.58,,,,,,
2021-05-07,,1.6,,,,,,
2021-05-10,,1.63,,,,,,
2021-05-11,,1.64,,,,,,
2021-05-12,,1.69,,,,,,
2021-05-13,,1.66,,,,,,
2021-05-14,,1.63,,,,,,
2021-05-17,,1.64,,,,,,
2021-05-18,,1.64,,,,,,
2021-05-19,,1.68,,,,,,
2021-05-20,,1.63,,,,,,
2021-05-21,,1.63,,,,,,
2021-05-24,,1.61,,,,,,
2021-05-25,,1.56,,,,,,
2021-05-26,,1.58,,,,,,
2021-05-27,,1.61,,,,,,
2021-05-28,,1.58,,,,,,
2021-05-31,,,,,,,,
2021-06-01,0.08,1.62,270.71,5.9,,,20472.7,85.5
2021-06-02,,1.59,,,,,,
2021-06-03,,1.63,,,,,,
2021-06-04,,1.56,,,,,,
2021-06-07,,1.57,,,,,,
2021-06-08,,1.53,,,,,,
2021-06-09,,1.5,,,,,,
2021-06-10,,1.45,,,,,,
2021-06-11,,1.47,,,,,,
2021-06-14,,1.51,,,,,,
2021-06-15,,1.51,,,,,,
2021-06-16,,1.57,,,,,,
2021-06-17,,1.52,,,,,,
2021-06-18,,1.45,,,,,,
2021-06-21,,1.5,,,,,,
2021-06-22,,1.48,,,,,,
2021-06-23,,1.5,,,,,,
2021-06-24,,1.49,,,,,,
2021-06-25,,1.54,,,,,,
2021-06-28,,1.49,,,,,,
2021-06-29,,1.49,,,,,,
2021-06-30,,1.45,,,,,,
2021-07-01,0.1,1.48,271.965,5.4,23921.991,14924.311,20628.4,81.2
2021-07-02,,1.44,,,,,,
2021-07-05,,,,,,,,
2021-07-06,,1.37,,,,,,
2021-07-07,,1.33,,,,,,
2021-07-08,,1.3,,,,,,
2021-07-09,,1.37,,,,,,
2021-07-12,,1.38,,,,,,
2021-07-13,,1.42,,,,,,
2021-07-14,,1.37,,,,,,
2021-07-15,,1.31,,,,,,
2021-07-16,,1.31,,,,,,
2021-07-19,,1.19,,,,,,
2021-07-20,,1.23,,,,,,
2021-07-21,,1.3,,,,,,
2021-07-22,,1.27,,,,,,
2021-07-23,,1.3,,,,,,
2021-07-26,,1.29,,,,,,
2021-07-27,,1.25,,,,,,
2021-07-28,,1.26,,,,,,
2021-07-29,,1.28,,,,,,
2021-07-30,,1.24,,,,,,
2021-08-01,0.09,,272.752,5.1,,,20811.0,70.3
2021-08-02,,1.2,,,,,,
2021-08-03,,1.19,,,,,,
2021-08-04,,1.19,,,,,,
2021-08-05,,1.23,,,,,,
2021-08-06,,1.31,,,,,,
2021-08-09,,1.33,,,,,,
2021-08-10,,1.36,,,,,,
2021-08-11,,1.35,,,,,,
2021-08-12,,1.36,,,,,,
2021-08-13,,1.29,,,,,,
2021-08-16,,1.26,,,,,,
2021-08-17,,1.26,,,,,,
2021-08-18,,1.27,,,,,,
2021-08-19,,1.24,,,,,,
2021-08-20,,1.26,,,,,,
2021-08-23,,1.25,,,,,,
2021-08-24,,1.29,,,,,,
2021-08-25,,1.35,,,,,,
2021-08-26,,1.34,,,,,,
2021-08-27,,1.31,,,,,,
2021-08-30,,1.29,,,,,,
2021-08-31,,1.3,,,,,,
2021-09-01,0.08,1.31,273.942,4.7,,,20979.0,72.8
2021-09-02,,1.29,,,,,,
2021-09-03,,1.33,,,,,,
2021-09-06,,,,,,,,
2021-09-07,,1.38,,,,,,
2021-09-08,,1.35,,,,,,
2021-09-09,,1.3,,,,,,
2021-09-10,,1.35,,,,,,
2021-09-13,,1.33,,,,,,
2021-09-14,,1.28,,,,,,
2021-09-15,,1.31,,,,,,
2021-09-16,,1.34,,,,,,
2021-09-17,,1.37,,,,,,
2021-09-20,,1.31,,,,,,
2021-09-21,,1.33,,,,,,
2021-09-22,,1.32,,,,,,
2021-09-23,,1.41,,,,,,
2021-09-24,,1.47,,,,,,
2021-09-27,,1.48,,,,,,
2021-09-28,,1.54,,,,,,
2021-09-29,,1.55,,,,,,
2021-09-30,,1.52,,,,,,
2021-10-01,0.08,1.48,276.528,4.5,24777.038,15086.943,21142.5,71.7
2021-10-04,,1.49,,,,,,
2021-10-05,,1.54,,,,,,
2021-10-06,,1.53,,,,,,
2021-10-07,,1.58,,,,,,
2021-10-08,,1.61,,,,,,
2021-10-11,,,,,,,,
2021-10-12,,1.59,,,,,,
2021-10-13,,1.56,,,,,,
2021-10-14,,1.52,,,,,,
2021-10-15,,1.59,,,,,,
2021-10-18,,1.59,,,,,,
2021-10-19,,1.65,,,,,,
2021-10-20,,1.65,,,,,,
2021-10-21,,1.68,,,,,,
2021-10-22,,1.66,,,,,,
2021-10-25,,1.64,,,,,,
2021-10-26,,1.63,,,,,,
2021-10-27,,1.54,,,,,,
2021-10-28,,1.57,,,,,,
2021-10-29,,1.55,,,,,,
2021-11-01,0.08,1.58,278.824,4.2,,,21316.9,67.4
2021-11-02,,1.56,,,,,,
2021-11-03,,1.6,,,,,,
2021-11-04,,1.53,,,,,,
2021-11-05,,1.45,,,,,,
2021-11-08,,1.51,,,,,,
2021-11-09,,1.46,,,,,,
2021-11-10,,1.56,,,,,,
2021-11-11,,,,,,,,
2021-11-12,,1.58,,,,,,
2021-11-15,,1.63,,,,,,
2021-11-16,,1.63,,,,,,
2021-11-17,,1.6,,,,,,
2021-11-18,,1.59,,,,,,
2021-11-19,,1.54,,,,,,
2021-11-22,,1.63,,,,,,
2021-11-23,,1.67,,,,,,
2021-11-24,,1.64,,,,,,
2021-11-25,,,,,,,,
2021-11-26,,1.48,,,,,,
2021-11-29,,1.52,,,,,,
2021-11-30,,1.43,,,,,,
2021-12-01,0.08,1.43,280.806,3.9,,,21471.1,70.6
2021-12-02,,1.44,,,,,,
2021-12-03,,1.35,,,,,,
2021-12-06,,1.43,,,,,,
2021-12-07,,1.48,,,,,,
2021-12-08,,1.52,,,,,,
2021-12-09,,1.49,,,,,,
2021-12-10,,1.48,,,,,,
2021-12-13,,1.42,,,,,,
2021-12-14,,1.44,,,,,,
2021-12-15,,1.47,,,,,,
2021-12-16,,1.44,,,,,,
2021-12-17,,1.41,,,,,,
2021-12-20,,1.43,,,,,,
2021-12-21,,1.48,,,,,,
2021-12-22,,1.46,,,,,,
2021-12-23,,1.5,,,,,,
2021-12-24,,,,,,,,
2021-12-27,,1.48,,,,,,
2021-12-28,,1.49,,,,,,
2021-12-29,,1.55,,,,,,
2021-12-30,,1.52,,,,,,
2021-12-31,,1.52,,,,,,
2022-01-01,0.08,,282.542,4.0,25215.491,15123.357,21587.0,67.2
2022-01-03,,1.63,,,,,,
2022-01-04,,1.66,,,,,,
2022-01-05,,1.71,,,,,,
2022-01-06,,1.73,,,,,,
2022-01-07,,1.76,,,,,,
2022-01-10,,1.78,,,,,,
2022-01-11,,1.75,,,,,,
2022-01-12,,1.74,,,,,,
2022-01-13,,1.7,,,,,,
2022-01-14,,1.78,,,,,,
2022-01-17,,,,,,,,
2022-01-18,,1.87,,,,,,
2022-01-19,,1.83,,,,,,
2022-01-20,,1.83,,,,,,
2022-01-21,,1.75,,,,,,
2022-01-24,,1.75,,,,,,
2022-01-25,,1.78,,,,,,
2022-01-26,,1.85,,,,,,
2022-01-27,,1.81,,,,,,
2022-01-28,,1.78,,,,,,
2022-01-31,,1.79,,,,,,
2022-02-01,0.08,1.81,284.525,3.8,,,21684.8,62.8
2022-02-02,,1.78,,,,,,
2022-02-03,,1.82,,,,,,
2022-02-04,,1.93,,,,,,
2022-02-07,,1.92,,,,,,
2022-02-08,,1.96,,,,,,
2022-02-09,,1.94,,,,,,
2022-02-10,,2.03,,,,,,
2022-02-11,,1.92,,,,,,
2022-02-14,,1.98,,,,,,
2022-02-15,,2.05,,,,,,
2022-02-16,,2.03,,,,,,
2022-02-17,,1.97,,,,,,
2022-02-18,,1.92,,,,,,
2022-02-21,,,,,,,,
2022-02-22,,1.94,,,,,,
2022-02-23,,1.99,,,,,,
2022-02-24,,1.96,,,,,,
2022-02-25,,1.97,,,,,,
2022-02-28,,1.83,,,,,,
2022-03-01,0.2,1.72,287.467,3.7,,,21721.3,59.4
2022-03-02,,1.86,,,,,,
2022-03-03,,1.86,,,,,,
2022-03-04,,1.74,,,,,,
2022-03-07,,1.78,,,,,,
2022-03-08,,1.86,,,,,,
2022-03-09,,1.94,,,,,,
2022-03-10,,1.98,,,,,,
2022-03-11,,2.0,,,,,,
2022-03-14,,2.14,,,,,,
2022-03-15,,2.15,,,,,,
2022-03-16,,2.19,,,,,,
2022-03-17,,2.2,,,,,,
2022-03-18,,2.14,,,,,,
2022-03-21,,2.32,,,,,,
2022-03-22,,2.38,,,,,,
2022-03-23,,2.32,,,,,,
2022-03-24,,2.34,,,,,,
2022-03-25,,2.48,,,,,,
2022-03-28,,2.46,,,,,,
2022-03-29,,2.41,,,,,,
2022-03-30,,2.35,,,,,,
2022-03-31,,2.32,,,,,,
2022-04-01,0.33,2.39,288.582,3.7,25805.791,15219.86,21750.0,65.2
2022-04-04,,2.42,,,,,,
2022-04-05,,2.54,,,,,,
2022-04-06,,2.61,,,,,,
2022-04-07,,2.66,,,,,,
2022-04-08,,2.72,,,,,,
2022-04-11,,2.79,,,,,,
2022-04-12,,2.72,,,,,,
2022-04-13,,2.7,,,,,,
2022-04-14,,2.83,,,,,,
2022-04-15,,,,,,,,
2022-04-18,,2.85,,,,,,
2022-04-19,,2.93,,,,,,
2022-04-20,,2.85,,,,,,
2022-04-21,,2.9,,,,,,
2022-04-22,,2.9,,,,,,
2022-04-25,,2.81,,,,,,
2022-04-26,,2.77,,,,,,
2022-04-27,,2.82,,,,,,
2022-04-28,,2.85,,,,,,
2022-04-29,,2.89,,,,,,
2022-05-01,0.77,,291.299,3.6,,,21690.7,58.4
2022-05-02,,2.99,,,,,,
2022-05-03,,2.97,,,,,,
2022-05-04,,2.93,,,,,,
2022-05-05,,3.05,,,,,,
2022-05-06,,3.12,,,,,,
2022-05-09,,3.05,,,,,,
2022-05-10,,2.99,,,,,,
2022-05-11,,2.91,,,,,,
2022-05-12,,2.84,,,,,,
2022-05-13,,2.93,,,,,,
2022-05-16,,2.88,,,,,,
2022-05-17,,2.98,,,,,,
2022-05-18,,2.89,,,,,,
2022-05-19,,2.84,,,,,,
2022-05-20,,2.78,,,,,,
2022-05-23,,2.86,,,,,,
2022-05-24,,2.76,,,,,,
2022-05-25,,2.75,,,,,,
2022-05-26,,2.75,,,,,,
2022-05-27,,2.74,,,,,,
2022-05-30,,,,,,,,
2022-05-31,,2.85,,,,,,
2022-06-01,1.21,2.94,295.072,3.6,,,21642.8,50.0
2022-06-02,,2.92,,,,,,
2022-06-03,,2.96,,,,,,
2022-06-06,,3.04,,,,,,
2022-06-07,,2.98,,,,,,
2022-06-08,,3.03,,,,,,
2022-06-09,,3.04,,,,,,
2022-06-10,,3.15,,,,,,
2022-06-13,,3.43,,,,,,
2022-06-14,,3.49,,,,,,
2022-06-15,,3.33,,,,,,
2022-06-16,,3.28,,,,,,
2022-06-17,,3.25,,,,,,
2022-06-20,,,,,,,,
2022-06-21,,3.31,,,,,,
2022-06-22,,3.16,,,,,,
2022-06-23,,3.09,,,,,,
2022-06-24,,3.13,,,,,,
2022-06-27,,3.2,,,,,,
2022-06-28,,3.2,,,,,,
2022-06-29,,3.1,,,,,,
2022-06-30,,2.98,,,,,,
2022-07-01,1.68,2.88,294.94,3.5,26272.011,15277.569,21641.7,51.5
2022-07-04,,,,,,,,
2022-07-05,,2.82,,,,,,
2022-07-06,,2.93,,,,,,
2022-07-07,,3.01,,,,,,
2022-07-08,,3.09,,,,,,
2022-07-11,,2.99,,,,,,
2022-07-12,,2.96,,,,,,
2022-07-13,,2.91,,,,,,
2022-07-14,,2.96,,,,,,
2022-07-15,,2.93,,,,,,
2022-07-18,,2.96,,,,,,
2022-07-19,,3.01,,,,,,
2022-07-20,,3.04,,,,,,
2022-07-21,,2.91,,,,,,
2022-07-22,,2.77,,,,,,
2022-07-25,,2.81,,,,,,
2022-07-26,,2.81,,,,,,
2022-07-27,,2.78,,,,,,
2022-07-28,,2.68,,,,,,
2022-07-29,,2.67,,,,,,
2022-08-01,2.33,2.6,295.162,3.6,,,21606.8,58.2
2022-08-02,,2.75,,,,,,
2022-08-03,,2.73,,,,,,
2022-08-04,,2.68,,,,,,
2022-08-05,,2.83,,,,,,
2022-08-08,,2.77,,,,,,
2022-08-09,,2.8,,,,,,
2022-08-10,,2.78,,,,,,
2022-08-11,,2.87,,,,,,
2022-08-12,,2.84,,,,,,
2022-08-15,,2.79,,,,,,
2022-08-16,,2.82,,,,,,
2022-08-17,,2.89,,,,,,
2022-08-18,,2.88,,,,,,
2022-08-19,,2.98,,,,,,
2022-08-22,,3.03,,,,,,
2022-08-23,,3.05,,,,,,
2022-08-24,,3.11,,,,,,
2022-08-25,,3.03,,,,,,
2022-08-26,,3.04,,,,,,
2022-08-29,,3.12,,,,,,
2022-08-30,,3.11,,,,,,
2022-08-31,,3.15,,,,,,
2022-09-01,2.56,3.26,296.421,3.5,,,21521.1,58.6
2022-09-02,,3.2,,,,,,
2022-09-05,,,,,,,,
2022-09-06,,3.33,,,,,,
2022-09-07,,3.27,,,,,,
2022-09-08,,3.29,,,,,,
2022-09-09,,3.33,,,,,,
2022-09-12,,3.37,,,,,,
2022-09-13,,3.42,,,,,,
2022-09-14,,3.41,,,,,,
2022-09-15,,3.45,,,,,,
2022-09-16,,3.45,,,,,,
2022-09-19,,3.49,,,,,,
2022-09-20,,3.57,,,,,,
2022-09-21,,3.51,,,,,,
2022-09-22,,3.7,,,,,,
2022-09-23,,3.69,,,,,,
2022-09-26,,3.88,,,,,,
2022-09-27,,3.97,,,,,,
2022-09-28,,3.72,,,,,,
2022-09-29,,3.76,,,,,,
2022-09-30,,3.83,,,,,,
2022-10-01,3.08,,297.979,3.6,26734.277,15323.98,21424.3,59.9
2022-10-03,,3.67,,,,,,
2022-10-04,,3.62,,,,,,
2022-10-05,,3.76,,,,,,
2022-10-06,,3.83,,,,,,
2022-10-07,,3.89,,,,,,
2022-10-10,,,,,,,,
2022-10-11,,3.93,,,,,,
2022-10-12,,3.91,,,,,,
2022-10-13,,3.97,,,,,,
2022-10-14,,4.0,,,,,,
2022-10-17,,4.02,,,,,,
2022-10-18,,4.01,,,,,,
2022-10-19,,4.14,,,,,,
2022-10-20,,4.24,,,,,,
2022-10-21,,4.21,,,,,,
2022-10-24,,4.25,,,,,,
2022-10-25,,4.1,,,,,,
2022-10-26,,4.04,,,,,,
2022-10-27,,3.96,,,,,,
2022-10-28,,4.02,,,,,,
2022-10-31,,4.1,,,,,,
2022-11-01,3.78,4.07,298.708,3.6,,,21357.8,56.7
2022-11-02,,4.1,,,,,,
2022-11-03,,4.14,,,,,,
2022-11-04,,4.17,,,,,,
2022-11-07,,4.22,,,,,,
2022-11-08,,4.14,,,,,,
2022-11-09,,4.12,,,,,,
2022-11-10,,3.82,,,,,,
2022-11-11,,,,,,,,
2022-11-14,,3.88,,,,,,
2022-11-15,,3.8,,,,,,
2022-11-16,,3.67,,,,,,
2022-11-17,,3.77,,,,,,
2022-11-18,,3.82,,,,,,
2022-11-21,,3.83,,,,,,
2022-11-22,,3.76,,,,,,
2022-11-23,,3.71,,,,,,
2022-11-24,,,,,,,,
2022-11-25,,3.68,,,,,,
2022-11-28,,3.69,,,,,,
2022-11-29,,3.75,,,,,,
2022-11-30,,3.68,,,,,,
2022-12-01,4.1,3.53,298.808,3.5,,,21218.9,59.8
2022-12-02,,3.51,,,,,,
2022-12-05,,3.6,,,,,,
2022-12-06,,3.51,,,,,,
2022-12-07,,3.42,,,,,,
2022-12-08,,3.48,,,,,,
2022-12-09,,3.57,,,,,,
2022-12-12,,3.61,,,,,,
2022-12-13,,3.51,,,,,,
2022-12-14,,3.49,,,,,,
2022-12-15,,3.44,,,,,,
2022-12-16,,3.48,,,,,,
2022-12-19,,3.57,,,,,,
2022-12-20,,3.69,,,,,,
2022-12-21,,3.68,,,,,,
2022-12-22,,3.67,,,,,,
2022-12-23,,3.75,,,,,,
2022-12-26,,,,,,,,
2022-12-27,,3.84,,,,,,
2022-12-28,,3.88,,,,,,
2022-12-29,,3.83,,,,,,
2022-12-30,,3.88,,,,,,
2023-01-01,4.33,,300.456,3.5,27164.359,15510.201,21205.1,64.9
2023-01-02,,,,,,,,
2023-01-03,,3.79,,,,,,
2023-01-04,,3.69,,,,,,
2023-01-05,,3.71,,,,,,
2023-01-06,,3.55,,,,,,
2023-01-09,,3.53,,,,,,
2023-01-10,,3.61,,,,,,
2023-01-11,,3.54,,,,,,
2023-01-12,,3.43,,,,,,
2023-01-13,,3.49,,,,,,
2023-01-16,,,,,,,,
2023-01-17,,3.53,,,,,,
2023-01-18,,3.37,,,,,,
2023-01-19,,3.39,,,,,,
2023-01-20,,3.48,,,,,,
2023-01-23,,3.52,,,,,,
2023-01-24,,3.46,,,,,,
2023-01-25,,3.46,,,,,,
2023-01-26,,3.49,,,,,,
2023-01-27,,3.52,,,,,,
2023-01-30,,3.55,,,,,,
2023-01-31,,3.52,,,,,,
2023-02-01,4.57,3.39,301.476,3.6,,,21184.3,66.9
2023-02-02,,3.4,,,,,,
2023-02-03,,3.53,,,,,,
2023-02-06,,3.63,,,,,,
2023-02-07,,3.67,,,,,,
2023-02-08,,3.63,,,,,,
2023-02-09,,3.67,,,,,,
2023-02-10,,3.74,,,,,,
2023-02-13,,3.72,,,,,,
2023-02-14,,3.77,,,,,,
2023-02-15,,3.81,,,,,,
2023-02-16,,3.86,,,,,,
2023-02-17,,3.82,,,,,,
2023-02-20,,,,,,,,
2023-02-21,,3.95,,,,,,
2023-02-22,,3.93,,,,,,
2023-02-23,,3.88,,,,,,
2023-02-24,,3.95,,,,,,
2023-02-27,,3.92,,,,,,
2023-02-28,,3.92,,,,,,
2023-03-01,4.65,4.01,301.643,3.5,,,20876.1,62.0
2023-03-02,,4.08,,,,,,
2023-03-03,,3.97,,,,,,
2023-03-06,,3.98,,,,,,
2023-03-07,,3.97,,,,,,
2023-03-08,,3.98,,,,,,
2023-03-09,,3.93,,,,,,
2023-03-10,,3.7,,,,,,
2023-03-13,,3.55,,,,,,
2023-03-14,,3.64,,,,,,
2023-03-15,,3.51,,,,,,
2023-03-16,,3.56,,,,,,
2023-03-17,,3.39,,,,,,
2023-03-20,,3.47,,,,,,
2023-03-21,,3.59,,,,,,
2023-03-22,,3.48,,,,,,
2023-03-23,,3.38,,,,,,
2023-03-24,,3.38,,,,,,
2023-03-27,,3.53,,,,,,
2023-03-28,,3.55,,,,,,
2023-03-29,,3.57,,,,,,
2023-03-30,,3.55,,,,,,
2023-03-31,,3.48,,,,,,
2023-04-01,4.83,,302.858,3.4,27453.815,15548.526,20729.8,63.7
2023-04-03,,3.43,,,,,,
2023-04-04,,3.35,,,,,,
2023-04-05,,3.3,,,,,,
2023-04-06,,3.3,,,,,,
2023-04-07,,3.39,,,,,,
2023-04-10,,3.41,,,,,,
2023-04-11,,3.43,,,,,,
2023-04-12,,3.41,,,,,,
2023-04-13,,3.45,,,,,,
2023-04-14,,3.52,,,,,,
2023-04-17,,3.6,,,,,,
2023-04-18,,3.58,,,,,,
2023-04-19,,3.6,,,,,,
2023-04-20,,3.54,,,,,,
2023-04-21,,3.57,,,,,,
2023-04-24,,3.52,,,,,,
2023-04-25,,3.4,,,,,,
2023-04-26,,3.43,,,,,,
2023-04-27,,3.53,,,,,,
2023-04-28,,3.44,,,,,,
2023-05-01,5.06,3.59,303.316,3.6,,,20801.1,59.0
2023-05-02,,3.44,,,,,,
2023-05-03,,3.38,,,,,,
2023-05-04,,3.37,,,,,,
2023-05-05,,3.44,,,,,,
2023-05-08,,3.52,,,,,,
2023-05-09,,3.53,,,,,,
2023-05-10,,3.43,,,,,,
2023-05-11,,3.39,,,,,,
2023-05-12,,3.46,,,,,,
2023-05-15,,3.5,,,,,,
2023-05-16,,3.54,,,,,,
2023-05-17,,3.57,,,,,,
2023-05-18,,3.65,,,,,,
2023-05-19,,3.7,,,,,,
2023-05-22,,3.72,,,,,,
2023-05-23,,3.7,,,,,,
2023-05-24,,3.73,,,,,,
2023-05-25,,3.83,,,,,,
2023-05-26,,3.8,,,,,,
2023-05-29,,,,,,,,
2023-05-30,,3.69,,,,,,
2023-05-31,,3.64,,,,,,
2023-06-01,5.08,3.61,304.099,3.6,,,20782.7,64.2
2023-06-02,,3.69,,,,,,
2023-06-05,,3.69,,,,,,
2023-06-06,,3.7,,,,,,
2023-06-07,,3.79,,,,,,
2023-06-08,,3.73,,,,,,
2023-06-09,,3.75,,,,,,
2023-06-12,,3.73,,,,,,
2023-06-13,,3.84,,,,,,
2023-06-14,,3.83,,,,,,
2023-06-15,,3.72,,,,,,
2023-06-16,,3.77,,,,,,
2023-06-19,,,,,,,,
2023-06-20,,3.74,,,,,,
2023-06-21,,3.72,,,,,,
2023-06-22,,3.8,,,,,,
2023-06-23,,3.74,,,,,,
2023-06-26,,3.72,,,,,,
2023-06-27,,3.77,,,,,,
2023-06-28,,3.71,,,,,,
2023-06-29,,3.85,,,,,,
2023-06-30,,3.81,,,,,,
2023-07-01,5.12,,304.615,3.5,27967.697,15646.695,20772.2,71.5
2023-07-03,,3.86,,,,,,
2023-07-04,,,,,,,,
2023-07-05,,3.95,,,,,,
2023-07-06,,4.05,,,,,,
2023-07-07,,4.06,,,,,,
2023-07-10,,4.01,,,,,,
2023-07-11,,3.99,,,,,,
2023-07-12,,3.86,,,,,,
2023-07-13,,3.76,,,,,,
2023-07-14,,3.83,,,,,,
2023-07-17,,3.81,,,,,,
2023-07-18,,3.8,,,,,,
2023-07-19,,3.75,,,,,,
2023-07-20,,3.85,,,,,,
2023-07-21,,3.84,,,,,,
2023-07-24,,3.86,,,,,,
2023-07-25,,3.91,,,,,,
2023-07-26,,3.86,,,,,,
2023-07-27,,4.01,,,,,,
2023-07-28,,3.96,,,,,,
2023-07-31,,3.97,,,,,,
2023-08-01,5.33,4.05,306.138,3.7,,,20747.1,69.4
2023-08-02,,4.08,,,,,,
2023-08-03,,4.2,,,,,,
2023-08-04,,4.05,,,,,,
2023-08-07,,4.09,,,,,,
2023-08-08,,4.02,,,,,,
2023-08-09,,4.0,,,,,,
2023-08-10,,4.09,,,,,,
2023-08-11,,4.16,,,,,,
2023-08-14,,4.19,,,,,,
2023-08-15,,4.21,,,,,,
2023-08-16,,4.28,,,,,,
2023-08-17,,4.3,,,,,,
2023-08-18,,4.26,,,,,,
2023-08-21,,4.34,,,,,,
2023-08-22,,4.34,,,,,,
2023-08-23,,4.19,,,,,,
2023-08-24,,4.23,,,,,,
2023-08-25,,4.25,,,,,,
2023-08-28,,4.2,,,,,,
2023-08-29,,4.12,,,,,,
2023-08-30,,4.12,,,,,,
2023-08-31,,4.09,,,,,,
2023-09-01,5.33,4.18,307.374,3.8,,,20720.4,67.8
2023-09-04,,,,,,,,
2023-09-05,,4.27,,,,,,
2023-09-06,,4.3,,,,,,
2023-09-07,,4.27,,,,,,
2023-09-08,,4.26,,,,,,
2023-09-11,,4.29,,,,,,
2023-09-12,,4.27,,,,,,
2023-09-13,,4.25,,,,,,
2023-09-14,,4.29,,,,,,
2023-09-15,,4.33,,,,,,
2023-09-18,,4.32,,,,,,
2023-09-19,,4.37,,,,,,
2023-09-20,,4.35,,,,,,
2023-09-21,,4.49,,,,,,
2023-09-22,,4.44,,,,,,
2023-09-25,,4.55,,,,,,
2023-09-26,,4.56,,,,,,
2023-09-27,,4.61,,,,,,
2023-09-28,,4.59,,,,,,
2023-09-29,,4.59,,,,,,
2023-10-01,5.33,,307.653,3.9,28296.967,15781.367,20687.6,63.8
2023-10-02,,4.69,,,,,,
2023-10-03,,4.81,,,,,,
2023-10-04,,4.73,,,,,,
2023-10-05,,4.72,,,,,,
2023-10-06,,4.78,,,,,,
2023-10-09,,,,,,,,
2023-10-10,,4.66,,,,,,
2023-10-11,,4.58,,,,,,
2023-10-12,,4.7,,,,,,
2023-10-13,,4.63,,,,,,
2023-10-16,,4.71,,,,,,
2023-10-17,,4.83,,,,,,
2023-10-18,,4.91,,,,,,
2023-10-19,,4.98,,,,,,
2023-10-20,,4.93,,,,,,
2023-10-23,,4.86,,,,,,
2023-10-24,,4.83,,,,,,
2023-10-25,,4.95,,,,,,
2023-10-26,,4.86,,,,,,
2023-10-27,,4.84,,,,,,
2023-10-30,,4.88,,,,,,
2023-10-31,,4.88,,,,,,
2023-11-01,5.33,4.77,308.087,3.7,,,20696.7,61.3
2023-11-02,,4.67,,,,,,
2023-11-03,,4.57,,,,,,
2023-11-06,,4.67,,,,,,
2023-11-07,,4.58,,,,,,
2023-11-08,,4.49,,,,,,
2023-11-09,,4.62,,,,,,
2023-11-10,,4.61,,,,,,
2023-11-13,,4.63,,,,,,
2023-11-14,,4.44,,,,,,
2023-11-15,,4.53,,,,,,
2023-11-16,,4.45,,,,,,
2023-11-17,,4.44,,,,,,
2023-11-20,,4.42,,,,,,
2023-11-21,,4.41,,,,,,
2023-11-22,,4.42,,,,,,
2023-11-23,,,,,,,,
2023-11-24,,4.47,,,,,,
2023-11-27,,4.39,,,,,,
2023-11-28,,4.34,,,,,,
2023-11-29,,4.27,,,,,,
2023-11-30,,4.37,,,,,,
2023-12-01,5.33,4.22,308.735,3.8,,,20701.2,69.7
2023-12-04,,4.28,,,,,,
2023-12-05,,4.18,,,,,,
2023-12-06,,4.12,,,,,,
2023-12-07,,4.14,,,,,,
2023-12-08,,4.23,,,,,,
2023-12-11,,4.23,,,,,,
2023-12-12,,4.2,,,,,,
2023-12-13,,4.04,,,,,,
2023-12-14,,3.92,,,,,,
2023-12-15,,3.91,,,,,,
2023-12-18,,3.95,,,,,,
2023-12-19,,3.93,,,,,,
2023-12-20,,3.86,,,,,,
2023-12-21,,3.89,,,,,,
2023-12-22,,3.9,,,,,,
2023-12-25,,,,,,,,
2023-12-26,,3.89,,,,,,
2023-12-27,,3.79,,,,,,
2023-12-28,,3.84,,,,,,
2023-12-29,,3.88,,,,,,
2024-01-01,5.33,,309.794,3.7,28624.069,15856.867,20773.0,79.0
